source,family,size,index,problem,mode,engine_requested,jobs,portfolio,test_period,timeout_s,run,copies,expected,verdict,reason,checked,engine,fragment,occurrences,multiplicity,time_ms,nodes,memo_hits,memo_entries,splits,links,tests,recursion_limit,cpu_ms,wait_ms
family,counter,2,0,counter/2,intuitionistic,auto,1,false,,300,0,1,,proved,,ok,two-sided,IMELL,9,2,0.015,3,0,2,6,0,0,2048,0.000,0.000
family,counter,2,0,counter/2,intuitionistic,auto,1,false,,300,1,1,,proved,,ok,two-sided,IMELL,9,2,0.012,3,0,2,6,0,0,2048,0.000,0.000
family,counter,2,0,counter/2,intuitionistic,auto,1,false,,300,2,1,,proved,,ok,two-sided,IMELL,9,2,0.011,3,0,2,6,0,0,2048,0.000,0.000
family,counter,4,0,counter/4,intuitionistic,auto,1,false,,300,0,2,,proved,,ok,two-sided,IMELL,17,4,0.048,226,188,24,302,0,0,2048,0.000,0.000
family,counter,4,0,counter/4,intuitionistic,auto,1,false,,300,1,2,,proved,,ok,two-sided,IMELL,17,4,0.052,226,188,24,302,0,0,2048,0.000,0.000
family,counter,4,0,counter/4,intuitionistic,auto,1,false,,300,2,2,,proved,,ok,two-sided,IMELL,17,4,0.047,226,188,24,302,0,0,2048,0.000,0.000
family,counter,8,0,counter/8,intuitionistic,auto,1,false,,300,0,3,,proved,,ok,two-sided,IMELL,27,8,15.207,218945,217309,809,234822,0,0,2048,10.000,0.015
family,counter,8,0,counter/8,intuitionistic,auto,1,false,,300,1,3,,proved,,ok,two-sided,IMELL,27,8,15.444,218945,217309,809,234822,0,0,2048,10.000,0.012
family,counter,8,0,counter/8,intuitionistic,auto,1,false,,300,2,3,,proved,,ok,two-sided,IMELL,27,8,15.587,218945,217309,809,234822,0,0,2048,10.000,0.015
family,counter,16,0,counter/16,intuitionistic,auto,1,false,,300,0,4,,unknown,timeout,,two-sided,IMELL,41,16,300009.020,4070756525,4070560161,131073,4112638359,0,0,2048,299280.000,355.335
family,counter-over,2,0,counter-over/2,intuitionistic,auto,1,false,,300,0,1,,unknown,copy_bound,,two-sided,IMELL,11,3,0.023,14,5,8,14,0,0,2048,0.000,0.000
family,counter-over,2,0,counter-over/2,intuitionistic,auto,1,false,,300,1,1,,unknown,copy_bound,,two-sided,IMELL,11,3,0.021,14,5,8,14,0,0,2048,0.000,0.000
family,counter-over,2,0,counter-over/2,intuitionistic,auto,1,false,,300,2,1,,unknown,copy_bound,,two-sided,IMELL,11,3,0.020,14,5,8,14,0,0,2048,0.000,0.000
family,counter-over,4,0,counter-over/4,intuitionistic,auto,1,false,,300,0,2,,unknown,copy_bound,,two-sided,IMELL,19,4,0.060,327,285,25,419,0,0,2048,0.000,0.000
family,counter-over,4,0,counter-over/4,intuitionistic,auto,1,false,,300,1,2,,unknown,copy_bound,,two-sided,IMELL,19,4,0.060,327,285,25,419,0,0,2048,0.000,0.000
family,counter-over,4,0,counter-over/4,intuitionistic,auto,1,false,,300,2,2,,unknown,copy_bound,,two-sided,IMELL,19,4,0.061,327,285,25,419,0,0,2048,0.000,0.000
family,counter-over,8,0,counter-over/8,intuitionistic,auto,1,false,,300,0,3,,unknown,copy_bound,,two-sided,IMELL,29,8,17.956,255521,253847,816,270098,0,0,2048,10.000,0.023
family,counter-over,8,0,counter-over/8,intuitionistic,auto,1,false,,300,1,3,,unknown,copy_bound,,two-sided,IMELL,29,8,18.491,255521,253847,816,270098,0,0,2048,10.000,0.015
family,counter-over,8,0,counter-over/8,intuitionistic,auto,1,false,,300,2,3,,unknown,copy_bound,,two-sided,IMELL,29,8,18.407,255521,253847,816,270098,0,0,2048,10.000,0.014
family,counter-over,16,0,counter-over/16,intuitionistic,auto,1,false,,300,0,4,,unknown,timeout,,two-sided,IMELL,43,16,300008.544,4138874082,4138677695,131073,4181000292,0,0,2048,299250.000,357.685
family,chain,16,0,chain/16,intuitionistic,auto,1,false,,300,0,18,,proved,,ok,two-sided,ILL,98,2,0.266,253,98,33,1817,0,0,2048,0.000,0.000
family,chain,16,0,chain/16,intuitionistic,auto,1,false,,300,1,18,,proved,,ok,two-sided,ILL,98,2,0.273,253,98,33,1817,0,0,2048,0.000,0.000
family,chain,16,0,chain/16,intuitionistic,auto,1,false,,300,2,18,,proved,,ok,two-sided,ILL,98,2,0.278,253,98,33,1817,0,0,2048,0.000,0.000
family,chain,64,0,chain/64,intuitionistic,auto,1,false,,300,0,66,,proved,,ok,two-sided,ILL,386,2,22.364,4069,1922,129,127073,0,0,2048,20.000,0.020
family,chain,64,0,chain/64,intuitionistic,auto,1,false,,300,1,66,,proved,,ok,two-sided,ILL,386,2,22.573,4069,1922,129,127073,0,0,2048,20.000,0.016
family,chain,64,0,chain/64,intuitionistic,auto,1,false,,300,2,66,,proved,,ok,two-sided,ILL,386,2,22.599,4069,1922,129,127073,0,0,2048,20.000,0.018
family,chain,128,0,chain/128,intuitionistic,auto,1,false,,300,0,130,,proved,,ok,two-sided,ILL,770,2,275.896,16325,7938,257,1032385,0,0,2048,270.000,0.138
family,chain,128,0,chain/128,intuitionistic,auto,1,false,,300,1,130,,proved,,ok,two-sided,ILL,770,2,275.899,16325,7938,257,1032385,0,0,2048,270.000,0.174
family,chain,128,0,chain/128,intuitionistic,auto,1,false,,300,2,130,,proved,,ok,two-sided,ILL,770,2,276.771,16325,7938,257,1032385,0,0,2048,270.000,0.655
family,chain,256,0,chain/256,intuitionistic,auto,1,false,,300,0,258,,proved,,ok,two-sided,ILL,1538,2,2890.487,65413,32258,513,8323457,0,0,2048,2880.000,2.633
family,3-partition-yes,4,0,3-partition-yes/4,intuitionistic,auto,1,false,,300,0,3,,proved,,ok,two-sided,IMALL,99,8,0.120,21,0,21,5337,0,0,2048,0.000,0.000
family,3-partition-yes,4,0,3-partition-yes/4,intuitionistic,auto,1,false,,300,1,3,,proved,,ok,two-sided,IMALL,99,8,0.116,21,0,21,5337,0,0,2048,0.000,0.000
family,3-partition-yes,4,0,3-partition-yes/4,intuitionistic,auto,1,false,,300,2,3,,proved,,ok,two-sided,IMALL,99,8,0.113,21,0,21,5337,0,0,2048,0.000,0.000
family,3-partition-yes,6,0,3-partition-yes/6,intuitionistic,auto,1,false,,300,0,3,,proved,,ok,two-sided,IMALL,119,12,0.320,25,0,25,21259,0,0,2048,0.000,0.000
family,3-partition-yes,6,0,3-partition-yes/6,intuitionistic,auto,1,false,,300,1,3,,proved,,ok,two-sided,IMALL,119,12,0.348,25,0,25,21259,0,0,2048,0.000,0.000
family,3-partition-yes,6,0,3-partition-yes/6,intuitionistic,auto,1,false,,300,2,3,,proved,,ok,two-sided,IMALL,119,12,0.313,25,0,25,21259,0,0,2048,0.000,0.000
family,3-partition-yes,8,0,3-partition-yes/8,intuitionistic,auto,1,false,,300,0,3,,proved,,ok,two-sided,IMALL,139,16,1.127,29,0,29,84941,0,0,2048,0.000,0.000
family,3-partition-yes,8,0,3-partition-yes/8,intuitionistic,auto,1,false,,300,1,3,,proved,,ok,two-sided,IMALL,139,16,1.055,29,0,29,84941,0,0,2048,0.000,0.000
family,3-partition-yes,8,0,3-partition-yes/8,intuitionistic,auto,1,false,,300,2,3,,proved,,ok,two-sided,IMALL,139,16,1.076,29,0,29,84941,0,0,2048,0.000,0.000
family,3-partition-yes,12,0,3-partition-yes/12,intuitionistic,auto,1,false,,300,0,3,,proved,,ok,two-sided,IMALL,179,24,16.530,37,0,37,1358545,0,0,2048,10.000,0.056
family,3-partition-yes,12,0,3-partition-yes/12,intuitionistic,auto,1,false,,300,1,3,,proved,,ok,two-sided,IMALL,179,24,16.526,37,0,37,1358545,0,0,2048,10.000,0.008
family,3-partition-yes,12,0,3-partition-yes/12,intuitionistic,auto,1,false,,300,2,3,,proved,,ok,two-sided,IMALL,179,24,16.512,37,0,37,1358545,0,0,2048,10.000,0.014
family,3-partition-no,4,0,3-partition-no/4,intuitionistic,auto,1,false,,300,0,3,,unprovable,,,two-sided,IMALL,99,8,25377.097,1834321,1792818,41503,1936078773,0,0,2048,25300.000,30.371
