source,family,size,index,problem,mode,engine_requested,jobs,portfolio,test_period,timeout_s,run,copies,expected,verdict,reason,checked,engine,fragment,occurrences,multiplicity,time_ms,nodes,memo_hits,memo_entries,splits,links,tests
family,partition-yes,4,0,partition-yes/4,classical,focus,1,false,,60,0,3,provable,proved,,ok,focus,MLL,88,8,2.389,18,2,16,183031,0,0
family,partition-yes,4,0,partition-yes/4,classical,focus,1,false,,60,1,3,provable,proved,,ok,focus,MLL,88,8,2.389,18,2,16,183031,0,0
family,partition-yes,4,0,partition-yes/4,classical,focus,1,false,,60,2,3,provable,proved,,ok,focus,MLL,88,8,2.358,18,2,16,183031,0,0
family,partition-yes,4,0,partition-yes/4,classical,net,1,false,,60,0,3,provable,proved,,ok,net,MLL,88,8,2756.658,235737,0,0,0,1071471,1071471
family,partition-yes,5,0,partition-yes/5,classical,focus,1,false,,60,0,3,provable,proved,,ok,focus,MLL,126,12,182.637,31,7,24,13972379,0,0
family,partition-yes,5,0,partition-yes/5,classical,focus,1,false,,60,1,3,provable,proved,,ok,focus,MLL,126,12,181.595,31,7,24,13972379,0,0
family,partition-yes,5,0,partition-yes/5,classical,focus,1,false,,60,2,3,provable,proved,,ok,focus,MLL,126,12,184.204,31,7,24,13972379,0,0
family,partition-yes,5,0,partition-yes/5,classical,net,1,false,,60,0,3,provable,unknown,timeout,,net,MLL,126,12,60001.128,3247296,0,0,0,17582567,17582567
family,partition-yes,6,0,partition-yes/6,classical,focus,1,false,,60,0,3,provable,proved,,ok,focus,MLL,164,16,12628.662,94,42,52,946564520,0,0
family,partition-yes,6,0,partition-yes/6,classical,net,1,false,,60,0,3,provable,unknown,timeout,,net,MLL,164,16,60000.642,2007872,0,0,0,13826207,13826207
family,partition-no,3,0,partition-no/3,classical,focus,1,false,,60,0,3,unprovable,unprovable,,,focus,MLL,82,8,4.363,55,28,27,307401,0,0
family,partition-no,3,0,partition-no/3,classical,focus,1,false,,60,1,3,unprovable,unprovable,,,focus,MLL,82,8,4.348,55,28,27,307401,0,0
family,partition-no,3,0,partition-no/3,classical,focus,1,false,,60,2,3,unprovable,unprovable,,,focus,MLL,82,8,4.292,55,28,27,307401,0,0
family,partition-no,3,0,partition-no/3,classical,net,1,false,,60,0,3,unprovable,unprovable,,,net,MLL,82,8,3508.980,269950,0,0,0,1313537,1313537
family,partition-no,4,0,partition-no/4,classical,focus,1,false,,60,0,3,unprovable,unprovable,,,focus,MLL,104,10,113.593,217,136,81,8192777,0,0
family,partition-no,4,0,partition-no/4,classical,focus,1,false,,60,1,3,unprovable,unprovable,,,focus,MLL,104,10,113.771,217,136,81,8192777,0,0
family,partition-no,4,0,partition-no/4,classical,focus,1,false,,60,2,3,unprovable,unprovable,,,focus,MLL,104,10,114.378,217,136,81,8192777,0,0
family,partition-no,4,0,partition-no/4,classical,net,1,false,,60,0,3,unprovable,unknown,timeout,,net,MLL,104,10,60000.273,4471040,0,0,0,20919019,20919019
family,3-partition-mll-yes,4,0,3-partition-mll-yes/4,classical,focus,1,false,,60,0,3,provable,proved,,ok,focus,MLL,49,8,0.036,9,0,9,36,0,0
family,3-partition-mll-yes,4,0,3-partition-mll-yes/4,classical,focus,1,false,,60,1,3,provable,proved,,ok,focus,MLL,49,8,0.029,9,0,9,36,0,0
family,3-partition-mll-yes,4,0,3-partition-mll-yes/4,classical,focus,1,false,,60,2,3,provable,proved,,ok,focus,MLL,49,8,0.028,9,0,9,36,0,0
family,3-partition-mll-yes,4,0,3-partition-mll-yes/4,classical,net,1,false,,60,0,3,provable,proved,,ok,net,MLL,49,8,0.813,155,0,0,0,799,799
family,3-partition-mll-yes,4,0,3-partition-mll-yes/4,classical,net,1,false,,60,1,3,provable,proved,,ok,net,MLL,49,8,0.806,155,0,0,0,799,799
family,3-partition-mll-yes,4,0,3-partition-mll-yes/4,classical,net,1,false,,60,2,3,provable,proved,,ok,net,MLL,49,8,0.791,155,0,0,0,799,799
family,3-partition-mll-yes,6,0,3-partition-mll-yes/6,classical,focus,1,false,,60,0,3,provable,proved,,ok,focus,MLL,65,12,0.033,9,0,9,40,0,0
family,3-partition-mll-yes,6,0,3-partition-mll-yes/6,classical,focus,1,false,,60,1,3,provable,proved,,ok,focus,MLL,65,12,0.032,9,0,9,40,0,0
family,3-partition-mll-yes,6,0,3-partition-mll-yes/6,classical,focus,1,false,,60,2,3,provable,proved,,ok,focus,MLL,65,12,0.031,9,0,9,40,0,0
family,3-partition-mll-yes,6,0,3-partition-mll-yes/6,classical,net,1,false,,60,0,3,provable,proved,,ok,net,MLL,65,12,114.285,10139,0,0,0,81962,81962
family,3-partition-mll-yes,6,0,3-partition-mll-yes/6,classical,net,1,false,,60,1,3,provable,proved,,ok,net,MLL,65,12,115.112,10139,0,0,0,81962,81962
family,3-partition-mll-yes,6,0,3-partition-mll-yes/6,classical,net,1,false,,60,2,3,provable,proved,,ok,net,MLL,65,12,116.343,10139,0,0,0,81962,81962
family,3-partition-mll-yes,8,0,3-partition-mll-yes/8,classical,focus,1,false,,60,0,3,provable,proved,,ok,focus,MLL,81,16,0.037,9,0,9,44,0,0
family,3-partition-mll-yes,8,0,3-partition-mll-yes/8,classical,focus,1,false,,60,1,3,provable,proved,,ok,focus,MLL,81,16,0.031,9,0,9,44,0,0
family,3-partition-mll-yes,8,0,3-partition-mll-yes/8,classical,focus,1,false,,60,2,3,provable,proved,,ok,focus,MLL,81,16,0.035,9,0,9,44,0,0
family,3-partition-mll-yes,8,0,3-partition-mll-yes/8,classical,net,1,false,,60,0,3,provable,proved,,ok,net,MLL,81,16,5867.613,331119,0,0,0,3316228,3316228
family,3-partition-mll-yes,12,0,3-partition-mll-yes/12,classical,focus,1,false,,60,0,3,provable,proved,,ok,focus,MLL,113,24,0.042,9,0,9,52,0,0
family,3-partition-mll-yes,12,0,3-partition-mll-yes/12,classical,focus,1,false,,60,1,3,provable,proved,,ok,focus,MLL,113,24,0.036,9,0,9,52,0,0
family,3-partition-mll-yes,12,0,3-partition-mll-yes/12,classical,focus,1,false,,60,2,3,provable,proved,,ok,focus,MLL,113,24,0.036,9,0,9,52,0,0
family,3-partition-mll-yes,12,0,3-partition-mll-yes/12,classical,net,1,false,,60,0,3,provable,unknown,timeout,,net,MLL,113,24,60002.043,1900928,0,0,0,26616273,26616273
family,3-partition-mll-no,4,0,3-partition-mll-no/4,classical,focus,1,false,,60,0,3,unprovable,unprovable,,,focus,MLL,49,8,0.017,1,0,1,70,0,0
family,3-partition-mll-no,4,0,3-partition-mll-no/4,classical,focus,1,false,,60,1,3,unprovable,unprovable,,,focus,MLL,49,8,0.015,1,0,1,70,0,0
family,3-partition-mll-no,4,0,3-partition-mll-no/4,classical,focus,1,false,,60,2,3,unprovable,unprovable,,,focus,MLL,49,8,0.017,1,0,1,70,0,0
family,3-partition-mll-no,4,0,3-partition-mll-no/4,classical,net,1,false,,60,0,3,unprovable,unprovable,,,net,MLL,49,8,1836.530,729157,0,0,0,1542036,1542036
family,3-partition-mll-no,4,0,3-partition-mll-no/4,classical,net,1,false,,60,1,3,unprovable,unprovable,,,net,MLL,49,8,1868.898,729157,0,0,0,1542036,1542036
family,3-partition-mll-no,4,0,3-partition-mll-no/4,classical,net,1,false,,60,2,3,unprovable,unprovable,,,net,MLL,49,8,1838.126,729157,0,0,0,1542036,1542036
family,3-partition-mll-no,5,0,3-partition-mll-no/5,classical,focus,1,false,,60,0,3,unprovable,unprovable,,,focus,MLL,57,10,0.017,1,0,1,70,0,0
family,3-partition-mll-no,5,0,3-partition-mll-no/5,classical,focus,1,false,,60,1,3,unprovable,unprovable,,,focus,MLL,57,10,0.016,1,0,1,70,0,0
family,3-partition-mll-no,5,0,3-partition-mll-no/5,classical,focus,1,false,,60,2,3,unprovable,unprovable,,,focus,MLL,57,10,0.018,1,0,1,70,0,0
family,3-partition-mll-no,5,0,3-partition-mll-no/5,classical,net,1,false,,60,0,3,unprovable,unprovable,,,net,MLL,57,10,57191.670,16202533,0,0,0,38945748,38945748
family,3-partition-mll-no,6,0,3-partition-mll-no/6,classical,focus,1,false,,60,0,3,unprovable,unprovable,,,focus,MLL,65,12,0.019,1,0,1,70,0,0
family,3-partition-mll-no,6,0,3-partition-mll-no/6,classical,focus,1,false,,60,1,3,unprovable,unprovable,,,focus,MLL,65,12,0.016,1,0,1,70,0,0
family,3-partition-mll-no,6,0,3-partition-mll-no/6,classical,focus,1,false,,60,2,3,unprovable,unprovable,,,focus,MLL,65,12,0.016,1,0,1,70,0,0
family,3-partition-mll-no,6,0,3-partition-mll-no/6,classical,net,1,false,,60,0,3,unprovable,unknown,timeout,,net,MLL,65,12,60000.020,17636480,0,0,0,35450550,35450550
family,3-partition-mll-no,8,0,3-partition-mll-no/8,classical,focus,1,false,,60,0,3,unprovable,unprovable,,,focus,MLL,81,16,0.019,1,0,1,70,0,0
family,3-partition-mll-no,8,0,3-partition-mll-no/8,classical,focus,1,false,,60,1,3,unprovable,unprovable,,,focus,MLL,81,16,0.017,1,0,1,70,0,0
family,3-partition-mll-no,8,0,3-partition-mll-no/8,classical,focus,1,false,,60,2,3,unprovable,unprovable,,,focus,MLL,81,16,0.017,1,0,1,70,0,0
family,3-partition-mll-no,8,0,3-partition-mll-no/8,classical,net,1,false,,60,0,3,unprovable,unknown,timeout,,net,MLL,81,16,60000.052,14081728,0,0,0,28169383,28169383
family,wide-m1,8,0,wide-m1/8,classical,focus,1,false,,60,0,3,provable,proved,,ok,focus,MLL,55,1,0.052,25,0,25,189,0,0
family,wide-m1,8,0,wide-m1/8,classical,focus,1,false,,60,1,3,provable,proved,,ok,focus,MLL,55,1,0.040,25,0,25,189,0,0
family,wide-m1,8,0,wide-m1/8,classical,focus,1,false,,60,2,3,provable,proved,,ok,focus,MLL,55,1,0.039,25,0,25,189,0,0
family,wide-m1,8,0,wide-m1/8,classical,net,1,false,,60,0,3,provable,proved,,ok,net,MLL,55,1,0.053,16,0,0,0,16,16
family,wide-m1,8,0,wide-m1/8,classical,net,1,false,,60,1,3,provable,proved,,ok,net,MLL,55,1,0.044,16,0,0,0,16,16
family,wide-m1,8,0,wide-m1/8,classical,net,1,false,,60,2,3,provable,proved,,ok,net,MLL,55,1,0.045,16,0,0,0,16,16
family,wide-m1,16,0,wide-m1/16,classical,focus,1,false,,60,0,3,provable,proved,,ok,focus,MLL,111,1,0.815,49,0,49,43729,0,0
family,wide-m1,16,0,wide-m1/16,classical,focus,1,false,,60,1,3,provable,proved,,ok,focus,MLL,111,1,0.752,49,0,49,43729,0,0
family,wide-m1,16,0,wide-m1/16,classical,focus,1,false,,60,2,3,provable,proved,,ok,focus,MLL,111,1,0.750,49,0,49,43729,0,0
family,wide-m1,16,0,wide-m1/16,classical,net,1,false,,60,0,3,provable,proved,,ok,net,MLL,111,1,0.116,32,0,0,0,32,32
family,wide-m1,16,0,wide-m1/16,classical,net,1,false,,60,1,3,provable,proved,,ok,net,MLL,111,1,0.112,32,0,0,0,32,32
family,wide-m1,16,0,wide-m1/16,classical,net,1,false,,60,2,3,provable,proved,,ok,net,MLL,111,1,0.114,32,0,0,0,32,32
family,wide-m1,24,0,wide-m1/24,classical,focus,1,false,,60,0,3,provable,proved,,ok,focus,MLL,167,1,177.333,73,0,73,11184869,0,0
family,wide-m1,24,0,wide-m1/24,classical,focus,1,false,,60,1,3,provable,proved,,ok,focus,MLL,167,1,178.396,73,0,73,11184869,0,0
family,wide-m1,24,0,wide-m1/24,classical,focus,1,false,,60,2,3,provable,proved,,ok,focus,MLL,167,1,179.582,73,0,73,11184869,0,0
family,wide-m1,24,0,wide-m1/24,classical,net,1,false,,60,0,3,provable,proved,,ok,net,MLL,167,1,0.235,48,0,0,0,48,48
family,wide-m1,24,0,wide-m1/24,classical,net,1,false,,60,1,3,provable,proved,,ok,net,MLL,167,1,0.227,48,0,0,0,48,48
family,wide-m1,24,0,wide-m1/24,classical,net,1,false,,60,2,3,provable,proved,,ok,net,MLL,167,1,0.223,48,0,0,0,48,48
family,wide-m1,32,0,wide-m1/32,classical,focus,1,false,,60,0,3,provable,proved,,ok,focus,MLL,223,1,45610.885,97,0,97,2863311609,0,0
family,wide-m1,32,0,wide-m1/32,classical,net,1,false,,60,0,3,provable,proved,,ok,net,MLL,223,1,0.208,64,0,0,0,64,16
family,wide-m1,32,0,wide-m1/32,classical,net,1,false,,60,1,3,provable,proved,,ok,net,MLL,223,1,0.194,64,0,0,0,64,16
family,wide-m1,32,0,wide-m1/32,classical,net,1,false,,60,2,3,provable,proved,,ok,net,MLL,223,1,0.194,64,0,0,0,64,16
family,wide-m1,256,0,wide-m1/256,classical,focus,1,false,,60,0,3,provable,unknown,context_too_wide,,focus,MLL,1791,1,1.139,1,0,0,0,0,0
family,wide-m1,256,0,wide-m1/256,classical,focus,1,false,,60,1,3,provable,unknown,context_too_wide,,focus,MLL,1791,1,1.012,1,0,0,0,0,0
family,wide-m1,256,0,wide-m1/256,classical,focus,1,false,,60,2,3,provable,unknown,context_too_wide,,focus,MLL,1791,1,0.989,1,0,0,0,0,0
family,wide-m1,256,0,wide-m1/256,classical,net,1,false,,60,0,3,provable,proved,,ok,net,MLL,1791,1,9.332,512,0,0,0,512,128
family,wide-m1,256,0,wide-m1/256,classical,net,1,false,,60,1,3,provable,proved,,ok,net,MLL,1791,1,9.275,512,0,0,0,512,128
family,wide-m1,256,0,wide-m1/256,classical,net,1,false,,60,2,3,provable,proved,,ok,net,MLL,1791,1,9.088,512,0,0,0,512,128
family,wide-m1,2048,0,wide-m1/2048,classical,focus,1,false,,60,0,3,provable,unknown,context_too_wide,,focus,MLL,14335,1,53.760,1,0,0,0,0,0
family,wide-m1,2048,0,wide-m1/2048,classical,focus,1,false,,60,1,3,provable,unknown,context_too_wide,,focus,MLL,14335,1,51.144,1,0,0,0,0,0
family,wide-m1,2048,0,wide-m1/2048,classical,focus,1,false,,60,2,3,provable,unknown,context_too_wide,,focus,MLL,14335,1,50.010,1,0,0,0,0,0
family,wide-m1,2048,0,wide-m1/2048,classical,net,1,false,,60,0,3,provable,proved,,ok,net,MLL,14335,1,639.291,4096,0,0,0,4096,1024
family,wide-m1,2048,0,wide-m1/2048,classical,net,1,false,,60,1,3,provable,proved,,ok,net,MLL,14335,1,639.001,4096,0,0,0,4096,1024
family,wide-m1,2048,0,wide-m1/2048,classical,net,1,false,,60,2,3,provable,proved,,ok,net,MLL,14335,1,649.027,4096,0,0,0,4096,1024
family,wide-m2,8,0,wide-m2/8,classical,focus,1,false,,60,0,3,provable,proved,,ok,focus,MLL,55,2,0.045,25,0,25,189,0,0
family,wide-m2,8,0,wide-m2/8,classical,focus,1,false,,60,1,3,provable,proved,,ok,focus,MLL,55,2,0.038,25,0,25,189,0,0
family,wide-m2,8,0,wide-m2/8,classical,focus,1,false,,60,2,3,provable,proved,,ok,focus,MLL,55,2,0.036,25,0,25,189,0,0
family,wide-m2,8,0,wide-m2/8,classical,net,1,false,,60,0,3,provable,proved,,ok,net,MLL,55,2,0.046,16,0,0,0,16,16
family,wide-m2,8,0,wide-m2/8,classical,net,1,false,,60,1,3,provable,proved,,ok,net,MLL,55,2,0.046,16,0,0,0,16,16
family,wide-m2,8,0,wide-m2/8,classical,net,1,false,,60,2,3,provable,proved,,ok,net,MLL,55,2,0.048,16,0,0,0,16,16
family,wide-m2,16,0,wide-m2/16,classical,focus,1,false,,60,0,3,provable,proved,,ok,focus,MLL,111,2,0.720,49,0,49,43729,0,0
family,wide-m2,16,0,wide-m2/16,classical,focus,1,false,,60,1,3,provable,proved,,ok,focus,MLL,111,2,0.736,49,0,49,43729,0,0
family,wide-m2,16,0,wide-m2/16,classical,focus,1,false,,60,2,3,provable,proved,,ok,focus,MLL,111,2,0.716,49,0,49,43729,0,0
family,wide-m2,16,0,wide-m2/16,classical,net,1,false,,60,0,3,provable,proved,,ok,net,MLL,111,2,0.108,32,0,0,0,32,32
family,wide-m2,16,0,wide-m2/16,classical,net,1,false,,60,1,3,provable,proved,,ok,net,MLL,111,2,0.109,32,0,0,0,32,32
family,wide-m2,16,0,wide-m2/16,classical,net,1,false,,60,2,3,provable,proved,,ok,net,MLL,111,2,0.109,32,0,0,0,32,32
family,wide-m2,24,0,wide-m2/24,classical,focus,1,false,,60,0,3,provable,proved,,ok,focus,MLL,167,2,171.347,73,0,73,11184869,0,0
family,wide-m2,24,0,wide-m2/24,classical,focus,1,false,,60,1,3,provable,proved,,ok,focus,MLL,167,2,172.799,73,0,73,11184869,0,0
family,wide-m2,24,0,wide-m2/24,classical,focus,1,false,,60,2,3,provable,proved,,ok,focus,MLL,167,2,172.821,73,0,73,11184869,0,0
family,wide-m2,24,0,wide-m2/24,classical,net,1,false,,60,0,3,provable,proved,,ok,net,MLL,167,2,0.229,48,0,0,0,48,48
family,wide-m2,24,0,wide-m2/24,classical,net,1,false,,60,1,3,provable,proved,,ok,net,MLL,167,2,0.217,48,0,0,0,48,48
family,wide-m2,24,0,wide-m2/24,classical,net,1,false,,60,2,3,provable,proved,,ok,net,MLL,167,2,0.220,48,0,0,0,48,48
family,wide-m2,32,0,wide-m2/32,classical,focus,1,false,,60,0,3,provable,proved,,ok,focus,MLL,223,2,43709.609,97,0,97,2863311609,0,0
family,wide-m2,32,0,wide-m2/32,classical,net,1,false,,60,0,3,provable,proved,,ok,net,MLL,223,2,0.198,64,0,0,0,64,16
family,wide-m2,32,0,wide-m2/32,classical,net,1,false,,60,1,3,provable,proved,,ok,net,MLL,223,2,0.192,64,0,0,0,64,16
family,wide-m2,32,0,wide-m2/32,classical,net,1,false,,60,2,3,provable,proved,,ok,net,MLL,223,2,0.190,64,0,0,0,64,16
family,wide-m2,256,0,wide-m2/256,classical,focus,1,false,,60,0,3,provable,unknown,context_too_wide,,focus,MLL,1791,2,0.595,1,0,0,0,0,0
family,wide-m2,256,0,wide-m2/256,classical,focus,1,false,,60,1,3,provable,unknown,context_too_wide,,focus,MLL,1791,2,0.511,1,0,0,0,0,0
family,wide-m2,256,0,wide-m2/256,classical,focus,1,false,,60,2,3,provable,unknown,context_too_wide,,focus,MLL,1791,2,0.497,1,0,0,0,0,0
family,wide-m2,256,0,wide-m2/256,classical,net,1,false,,60,0,3,provable,proved,,ok,net,MLL,1791,2,9.474,512,0,0,0,512,128
family,wide-m2,256,0,wide-m2/256,classical,net,1,false,,60,1,3,provable,proved,,ok,net,MLL,1791,2,9.086,512,0,0,0,512,128
family,wide-m2,256,0,wide-m2/256,classical,net,1,false,,60,2,3,provable,proved,,ok,net,MLL,1791,2,9.329,512,0,0,0,512,128
family,wide-m2,2048,0,wide-m2/2048,classical,focus,1,false,,60,0,3,provable,unknown,context_too_wide,,focus,MLL,14335,2,27.942,1,0,0,0,0,0
family,wide-m2,2048,0,wide-m2/2048,classical,focus,1,false,,60,1,3,provable,unknown,context_too_wide,,focus,MLL,14335,2,26.921,1,0,0,0,0,0
family,wide-m2,2048,0,wide-m2/2048,classical,focus,1,false,,60,2,3,provable,unknown,context_too_wide,,focus,MLL,14335,2,26.062,1,0,0,0,0,0
family,wide-m2,2048,0,wide-m2/2048,classical,net,1,false,,60,0,3,provable,proved,,ok,net,MLL,14335,2,620.888,4096,0,0,0,4096,1024
family,wide-m2,2048,0,wide-m2/2048,classical,net,1,false,,60,1,3,provable,proved,,ok,net,MLL,14335,2,622.886,4096,0,0,0,4096,1024
family,wide-m2,2048,0,wide-m2/2048,classical,net,1,false,,60,2,3,provable,proved,,ok,net,MLL,14335,2,636.192,4096,0,0,0,4096,1024
family,wide-m3,12,0,wide-m3/12,classical,focus,1,false,,60,0,3,provable,proved,,ok,focus,MLL,83,3,0.086,37,0,37,2759,0,0
family,wide-m3,12,0,wide-m3/12,classical,focus,1,false,,60,1,3,provable,proved,,ok,focus,MLL,83,3,0.083,37,0,37,2759,0,0
family,wide-m3,12,0,wide-m3/12,classical,focus,1,false,,60,2,3,provable,proved,,ok,focus,MLL,83,3,0.084,37,0,37,2759,0,0
family,wide-m3,12,0,wide-m3/12,classical,net,1,false,,60,0,3,provable,proved,,ok,net,MLL,83,3,0.076,24,0,0,0,24,24
family,wide-m3,12,0,wide-m3/12,classical,net,1,false,,60,1,3,provable,proved,,ok,net,MLL,83,3,0.073,24,0,0,0,24,24
family,wide-m3,12,0,wide-m3/12,classical,net,1,false,,60,2,3,provable,proved,,ok,net,MLL,83,3,0.069,24,0,0,0,24,24
family,wide-m3,24,0,wide-m3/24,classical,focus,1,false,,60,0,3,provable,proved,,ok,focus,MLL,167,3,171.021,73,0,73,11184869,0,0
family,wide-m3,24,0,wide-m3/24,classical,focus,1,false,,60,1,3,provable,proved,,ok,focus,MLL,167,3,171.898,73,0,73,11184869,0,0
family,wide-m3,24,0,wide-m3/24,classical,focus,1,false,,60,2,3,provable,proved,,ok,focus,MLL,167,3,170.944,73,0,73,11184869,0,0
family,wide-m3,24,0,wide-m3/24,classical,net,1,false,,60,0,3,provable,proved,,ok,net,MLL,167,3,0.218,48,0,0,0,48,48
family,wide-m3,24,0,wide-m3/24,classical,net,1,false,,60,1,3,provable,proved,,ok,net,MLL,167,3,0.220,48,0,0,0,48,48
family,wide-m3,24,0,wide-m3/24,classical,net,1,false,,60,2,3,provable,proved,,ok,net,MLL,167,3,0.212,48,0,0,0,48,48
family,wide-m3,30,0,wide-m3/30,classical,focus,1,false,,60,0,3,provable,proved,,ok,focus,MLL,209,3,10898.018,91,0,91,715827956,0,0
family,wide-m3,30,0,wide-m3/30,classical,net,1,false,,60,0,3,provable,proved,,ok,net,MLL,209,3,0.169,60,0,0,0,60,15
family,wide-m3,30,0,wide-m3/30,classical,net,1,false,,60,1,3,provable,proved,,ok,net,MLL,209,3,0.158,60,0,0,0,60,15
family,wide-m3,30,0,wide-m3/30,classical,net,1,false,,60,2,3,provable,proved,,ok,net,MLL,209,3,0.163,60,0,0,0,60,15
family,wide-m4,12,0,wide-m4/12,classical,focus,1,false,,60,0,3,provable,proved,,ok,focus,MLL,83,4,0.079,37,0,37,2759,0,0
family,wide-m4,12,0,wide-m4/12,classical,focus,1,false,,60,1,3,provable,proved,,ok,focus,MLL,83,4,0.080,37,0,37,2759,0,0
family,wide-m4,12,0,wide-m4/12,classical,focus,1,false,,60,2,3,provable,proved,,ok,focus,MLL,83,4,0.080,37,0,37,2759,0,0
family,wide-m4,12,0,wide-m4/12,classical,net,1,false,,60,0,3,provable,proved,,ok,net,MLL,83,4,0.068,24,0,0,0,24,24
family,wide-m4,12,0,wide-m4/12,classical,net,1,false,,60,1,3,provable,proved,,ok,net,MLL,83,4,0.068,24,0,0,0,24,24
family,wide-m4,12,0,wide-m4/12,classical,net,1,false,,60,2,3,provable,proved,,ok,net,MLL,83,4,0.076,24,0,0,0,24,24
family,wide-m4,24,0,wide-m4/24,classical,focus,1,false,,60,0,3,provable,proved,,ok,focus,MLL,167,4,172.812,73,0,73,11184869,0,0
family,wide-m4,24,0,wide-m4/24,classical,focus,1,false,,60,1,3,provable,proved,,ok,focus,MLL,167,4,172.757,73,0,73,11184869,0,0
family,wide-m4,24,0,wide-m4/24,classical,focus,1,false,,60,2,3,provable,proved,,ok,focus,MLL,167,4,172.638,73,0,73,11184869,0,0
family,wide-m4,24,0,wide-m4/24,classical,net,1,false,,60,0,3,provable,proved,,ok,net,MLL,167,4,0.250,48,0,0,0,48,48
family,wide-m4,24,0,wide-m4/24,classical,net,1,false,,60,1,3,provable,proved,,ok,net,MLL,167,4,0.207,48,0,0,0,48,48
family,wide-m4,24,0,wide-m4/24,classical,net,1,false,,60,2,3,provable,proved,,ok,net,MLL,167,4,0.200,48,0,0,0,48,48
family,wide-m4,28,0,wide-m4/28,classical,focus,1,false,,60,0,3,provable,proved,,ok,focus,MLL,195,4,2754.414,85,0,85,178957039,0,0
family,wide-m4,28,0,wide-m4/28,classical,net,1,false,,60,0,3,provable,proved,,ok,net,MLL,195,4,0.274,56,0,0,0,56,56
family,wide-m4,28,0,wide-m4/28,classical,net,1,false,,60,1,3,provable,proved,,ok,net,MLL,195,4,0.267,56,0,0,0,56,56
family,wide-m4,28,0,wide-m4/28,classical,net,1,false,,60,2,3,provable,proved,,ok,net,MLL,195,4,0.261,56,0,0,0,56,56
family,additive,8,0,additive/8,classical,focus,1,false,,60,0,3,provable,proved,,ok,focus,ALL,1022,1,1.485,3509,808,2701,0,0,0
family,additive,8,0,additive/8,classical,focus,1,false,,60,1,3,provable,proved,,ok,focus,ALL,1022,1,1.446,3509,808,2701,0,0,0
family,additive,8,0,additive/8,classical,focus,1,false,,60,2,3,provable,proved,,ok,focus,ALL,1022,1,1.396,3509,808,2701,0,0,0
family,additive,8,0,additive/8,classical,net,1,false,,60,0,3,provable,refused,proof nets exist for MLL without units only; not for ALL,,,,1022,1,,,,,,,
family,additive,12,0,additive/12,classical,focus,1,false,,60,0,3,provable,proved,,ok,focus,ALL,16382,1,331.915,101621,27320,74301,0,0,0
family,additive,12,0,additive/12,classical,focus,1,false,,60,1,3,provable,proved,,ok,focus,ALL,16382,1,336.209,101621,27320,74301,0,0,0
family,additive,12,0,additive/12,classical,focus,1,false,,60,2,3,provable,proved,,ok,focus,ALL,16382,1,340.064,101621,27320,74301,0,0,0
family,additive,12,0,additive/12,classical,net,1,false,,60,0,3,provable,refused,proof nets exist for MLL without units only; not for ALL,,,,16382,1,,,,,,,
family,additive,14,0,additive/14,classical,focus,1,false,,60,0,3,provable,proved,,ok,focus,ALL,65534,1,6047.435,502261,140664,361597,0,0,0
family,additive,14,0,additive/14,classical,net,1,false,,60,0,3,provable,refused,proof nets exist for MLL without units only; not for ALL,,,,65534,1,,,,,,,
family,additive,16,0,additive/16,classical,focus,1,false,,60,0,,,unknown,crash (signal: 6 (SIGABRT) (core dumped)): note: run with `RUST_BACKTRACE=1` environment variable to display a backtrace,,,,,,16724.568,,,,,,
family,additive,16,0,additive/16,classical,net,1,false,,60,0,3,provable,refused,proof nets exist for MLL without units only; not for ALL,,,,262142,1,,,,,,,
file,partition-table,,,partition-table/1-1,classical,focus,1,false,,60,0,3,provable,proved,,ok,focus,MLL,28,2,0.036,8,0,8,159,0,0
file,partition-table,,,partition-table/1-1,classical,focus,1,false,,60,1,3,provable,proved,,ok,focus,MLL,28,2,0.033,8,0,8,159,0,0
file,partition-table,,,partition-table/1-1,classical,focus,1,false,,60,2,3,provable,proved,,ok,focus,MLL,28,2,0.032,8,0,8,159,0,0
file,partition-table,,,partition-table/1-1,classical,net,1,false,,60,0,3,provable,proved,,ok,net,MLL,28,2,0.034,15,0,0,0,20,20
file,partition-table,,,partition-table/1-1,classical,net,1,false,,60,1,3,provable,proved,,ok,net,MLL,28,2,0.036,15,0,0,0,20,20
file,partition-table,,,partition-table/1-1,classical,net,1,false,,60,2,3,provable,proved,,ok,net,MLL,28,2,0.036,15,0,0,0,20,20
file,partition-table,,,partition-table/1-3,classical,focus,1,false,,60,0,3,unprovable,unprovable,,,focus,MLL,44,4,0.119,13,4,9,5161,0,0
file,partition-table,,,partition-table/1-3,classical,focus,1,false,,60,1,3,unprovable,unprovable,,,focus,MLL,44,4,0.118,13,4,9,5161,0,0
file,partition-table,,,partition-table/1-3,classical,focus,1,false,,60,2,3,unprovable,unprovable,,,focus,MLL,44,4,0.119,13,4,9,5161,0,0
file,partition-table,,,partition-table/1-3,classical,net,1,false,,60,0,3,unprovable,unprovable,,,net,MLL,44,4,0.359,124,0,0,0,305,305
file,partition-table,,,partition-table/1-3,classical,net,1,false,,60,1,3,unprovable,unprovable,,,net,MLL,44,4,0.370,124,0,0,0,305,305
file,partition-table,,,partition-table/1-3,classical,net,1,false,,60,2,3,unprovable,unprovable,,,net,MLL,44,4,0.376,124,0,0,0,305,305
file,partition-table,,,partition-table/2-1-1,classical,focus,1,false,,60,0,3,provable,proved,,ok,focus,MLL,50,4,0.149,16,2,14,7291,0,0
file,partition-table,,,partition-table/2-1-1,classical,focus,1,false,,60,1,3,provable,proved,,ok,focus,MLL,50,4,0.156,16,2,14,7291,0,0
file,partition-table,,,partition-table/2-1-1,classical,focus,1,false,,60,2,3,provable,proved,,ok,focus,MLL,50,4,0.148,16,2,14,7291,0,0
file,partition-table,,,partition-table/2-1-1,classical,net,1,false,,60,0,3,provable,proved,,ok,net,MLL,50,4,0.614,177,0,0,0,429,429
file,partition-table,,,partition-table/2-1-1,classical,net,1,false,,60,1,3,provable,proved,,ok,net,MLL,50,4,0.613,177,0,0,0,429,429
file,partition-table,,,partition-table/2-1-1,classical,net,1,false,,60,2,3,provable,proved,,ok,net,MLL,50,4,0.608,177,0,0,0,429,429
file,partition-table,,,partition-table/1-1-4,classical,focus,1,false,,60,0,3,unprovable,unprovable,,,focus,MLL,66,6,2.128,55,28,27,147635,0,0
file,partition-table,,,partition-table/1-1-4,classical,focus,1,false,,60,1,3,unprovable,unprovable,,,focus,MLL,66,6,2.099,55,28,27,147635,0,0
file,partition-table,,,partition-table/1-1-4,classical,focus,1,false,,60,2,3,unprovable,unprovable,,,focus,MLL,66,6,2.110,55,28,27,147635,0,0
file,partition-table,,,partition-table/1-1-4,classical,net,1,false,,60,0,3,unprovable,unprovable,,,net,MLL,66,6,38.979,5658,0,0,0,20189,20189
file,partition-table,,,partition-table/1-1-4,classical,net,1,false,,60,1,3,unprovable,unprovable,,,net,MLL,66,6,39.263,5658,0,0,0,20189,20189
file,partition-table,,,partition-table/1-1-4,classical,net,1,false,,60,2,3,unprovable,unprovable,,,net,MLL,66,6,39.319,5658,0,0,0,20189,20189
file,partition-table,,,partition-table/2-2-1-1,classical,focus,1,false,,60,0,3,provable,proved,,ok,focus,MLL,72,6,2.011,29,7,22,148482,0,0
file,partition-table,,,partition-table/2-2-1-1,classical,focus,1,false,,60,1,3,provable,proved,,ok,focus,MLL,72,6,1.999,29,7,22,148482,0,0
file,partition-table,,,partition-table/2-2-1-1,classical,focus,1,false,,60,2,3,provable,proved,,ok,focus,MLL,72,6,1.957,29,7,22,148482,0,0
file,partition-table,,,partition-table/2-2-1-1,classical,net,1,false,,60,0,3,provable,proved,,ok,net,MLL,72,6,50.702,6635,0,0,0,24044,24044
file,partition-table,,,partition-table/2-2-1-1,classical,net,1,false,,60,1,3,provable,proved,,ok,net,MLL,72,6,50.782,6635,0,0,0,24044,24044
file,partition-table,,,partition-table/2-2-1-1,classical,net,1,false,,60,2,3,provable,proved,,ok,net,MLL,72,6,50.997,6635,0,0,0,24044,24044
file,partition-table,,,partition-table/1-2-5,classical,focus,1,false,,60,0,3,unprovable,unprovable,,,focus,MLL,82,8,5.767,55,28,27,417989,0,0
file,partition-table,,,partition-table/1-2-5,classical,focus,1,false,,60,1,3,unprovable,unprovable,,,focus,MLL,82,8,5.785,55,28,27,417989,0,0
file,partition-table,,,partition-table/1-2-5,classical,focus,1,false,,60,2,3,unprovable,unprovable,,,focus,MLL,82,8,5.769,55,28,27,417989,0,0
file,partition-table,,,partition-table/1-2-5,classical,net,1,false,,60,0,3,unprovable,unprovable,,,net,MLL,82,8,3668.626,293870,0,0,0,1389233,1389233
file,partition-table,,,partition-table/1-1-2-4,classical,focus,1,false,,60,0,3,provable,proved,,ok,focus,MLL,88,8,0.519,12,0,12,35545,0,0
file,partition-table,,,partition-table/1-1-2-4,classical,focus,1,false,,60,1,3,provable,proved,,ok,focus,MLL,88,8,0.512,12,0,12,35545,0,0
file,partition-table,,,partition-table/1-1-2-4,classical,focus,1,false,,60,2,3,provable,proved,,ok,focus,MLL,88,8,0.516,12,0,12,35545,0,0
file,partition-table,,,partition-table/1-1-2-4,classical,net,1,false,,60,0,3,provable,proved,,ok,net,MLL,88,8,1042.458,109627,0,0,0,432203,432203
file,partition-table,,,partition-table/1-1-2-4,classical,net,1,false,,60,1,3,provable,proved,,ok,net,MLL,88,8,1037.518,109627,0,0,0,432203,432203
file,partition-table,,,partition-table/1-1-2-4,classical,net,1,false,,60,2,3,provable,proved,,ok,net,MLL,88,8,1057.089,109627,0,0,0,432203,432203
file,partition-table,,,partition-table/1-1-1-5,classical,focus,1,false,,60,0,3,unprovable,unprovable,,,focus,MLL,88,8,61.946,217,136,81,4457149,0,0
file,partition-table,,,partition-table/1-1-1-5,classical,focus,1,false,,60,1,3,unprovable,unprovable,,,focus,MLL,88,8,60.930,217,136,81,4457149,0,0
file,partition-table,,,partition-table/1-1-1-5,classical,focus,1,false,,60,2,3,unprovable,unprovable,,,focus,MLL,88,8,60.450,217,136,81,4457149,0,0
file,partition-table,,,partition-table/1-1-1-5,classical,net,1,false,,60,0,3,unprovable,unprovable,,,net,MLL,88,8,7465.571,560182,0,0,0,2739661,2739661
file,partition-table,,,partition-table/2-3-2-1,classical,focus,1,false,,60,0,3,provable,proved,,ok,focus,MLL,88,8,5.915,29,7,22,445994,0,0
file,partition-table,,,partition-table/2-3-2-1,classical,focus,1,false,,60,1,3,provable,proved,,ok,focus,MLL,88,8,5.880,29,7,22,445994,0,0
file,partition-table,,,partition-table/2-3-2-1,classical,focus,1,false,,60,2,3,provable,proved,,ok,focus,MLL,88,8,5.815,29,7,22,445994,0,0
file,partition-table,,,partition-table/2-3-2-1,classical,net,1,false,,60,0,3,provable,proved,,ok,net,MLL,88,8,4516.789,344946,0,0,0,1670852,1670852
file,partition-table,,,partition-table/3-3-3-1,classical,focus,1,false,,60,0,3,unprovable,unprovable,,,focus,MLL,104,10,111.438,217,136,81,8192777,0,0
file,partition-table,,,partition-table/3-3-3-1,classical,focus,1,false,,60,1,3,unprovable,unprovable,,,focus,MLL,104,10,111.557,217,136,81,8192777,0,0
file,partition-table,,,partition-table/3-3-3-1,classical,focus,1,false,,60,2,3,unprovable,unprovable,,,focus,MLL,104,10,112.306,217,136,81,8192777,0,0
file,partition-table,,,partition-table/3-3-3-1,classical,net,1,false,,60,0,3,unprovable,unknown,timeout,,net,MLL,104,10,60000.243,4476352,0,0,0,20943881,20943881
file,partition-table,,,partition-table/1-2-3-4-5-5,classical,focus,1,false,,60,0,3,provable,proved,,ok,focus,MLL,196,20,23314.243,22,2,20,1790225865,0,0
file,partition-table,,,partition-table/1-2-3-4-5-5,classical,net,1,false,,60,0,3,provable,unknown,timeout,,net,MLL,196,20,60001.616,1400320,0,0,0,11703079,11703079
file,partition-table,,,partition-table/1-1-1-1-1-7,classical,focus,1,false,,60,0,3,unprovable,unprovable,,,focus,MLL,132,12,58714.962,2917,2188,729,4362085393,0,0
file,partition-table,,,partition-table/1-1-1-1-1-7,classical,net,1,false,,60,0,3,unprovable,unknown,timeout,,net,MLL,132,12,60000.018,3352320,0,0,0,18151223,18151223
file,partition-table,,,partition-table/2-2-2-2-2-2-9-1,classical,focus,1,false,,60,0,3,provable,unknown,timeout,,focus,MLL,224,22,60002.875,9,0,0,4586172416,0,0
file,partition-table,,,partition-table/2-2-2-2-2-2-9-1,classical,net,1,false,,60,0,3,provable,unknown,timeout,,net,MLL,224,22,60001.650,1238400,0,0,0,11260895,10098523
file,chain-over,,,chain-over/12,intuitionistic,focus,1,false,,60,0,3,unprovable,refused,the focus engine does not search in intuitionistic mode,,,,76,2,,,,,,,
file,chain-over,,,chain-over/12,intuitionistic,net,1,false,,60,0,3,unprovable,refused,proof nets exist for MLL without units only; not for LL,,,,76,2,,,,,,,
file,cancellation,,,cancellation/3-partition-4,classical,focus,1,false,,60,0,3,provable,proved,,ok,focus,MALL,123,8,51201.361,1834323,1792818,41505,3870480309,0,0
file,cancellation,,,cancellation/3-partition-4,classical,net,1,false,,60,0,3,provable,refused,proof nets exist for MLL without units only; not for MALL,,,,123,8,,,,,,,
