source,family,size,index,problem,mode,engine_requested,jobs,test_period,timeout_s,run,copies,expected,verdict,reason,checked,engine,fragment,occurrences,multiplicity,time_ms,nodes,memo_hits,memo_entries,splits,links,tests,recursion_limit,cpu_ms,wait_ms,bias,forward_copies,check_ms
family,3-partition-no,4,0,3-partition-no/4,classical,auto,1,,300,0,3,unprovable,unprovable,,,focus,MALL,99,8,0.343,923,713,210,2794,0,0,2048,0.000,0.000,auto,30,
family,3-partition-no,4,0,3-partition-no/4,classical,auto,1,,300,1,3,unprovable,unprovable,,,focus,MALL,99,8,0.312,923,713,210,2794,0,0,2048,0.000,0.000,auto,30,
family,3-partition-no,4,0,3-partition-no/4,classical,auto,1,,300,2,3,unprovable,unprovable,,,focus,MALL,99,8,0.314,923,713,210,2794,0,0,2048,0.000,0.000,auto,30,
family,3-partition-no,5,0,3-partition-no/5,classical,auto,1,,300,0,3,unprovable,unprovable,,,focus,MALL,109,10,0.376,971,733,238,3294,0,0,2048,0.000,0.000,auto,30,
family,3-partition-no,5,0,3-partition-no/5,classical,auto,1,,300,1,3,unprovable,unprovable,,,focus,MALL,109,10,0.367,971,733,238,3294,0,0,2048,0.000,0.000,auto,30,
family,3-partition-no,5,0,3-partition-no/5,classical,auto,1,,300,2,3,unprovable,unprovable,,,focus,MALL,109,10,0.376,971,733,238,3294,0,0,2048,0.000,0.000,auto,30,
family,partition-yes,5,0,partition-yes/5,classical,auto,1,,300,0,3,provable,proved,,ok,focus,MLL,126,12,0.076,30,7,23,157,0,0,2048,0.000,0.000,auto,30,0.007
family,partition-yes,5,0,partition-yes/5,classical,auto,1,,300,1,3,provable,proved,,ok,focus,MLL,126,12,0.071,30,7,23,157,0,0,2048,0.000,0.000,auto,30,0.007
family,partition-yes,5,0,partition-yes/5,classical,auto,1,,300,2,3,provable,proved,,ok,focus,MLL,126,12,0.083,30,7,23,157,0,0,2048,0.000,0.000,auto,30,0.008
family,partition-yes,6,0,partition-yes/6,classical,auto,1,,300,0,3,provable,proved,,ok,focus,MLL,164,16,0.134,93,42,51,542,0,0,2048,0.000,0.000,auto,30,0.008
family,partition-yes,6,0,partition-yes/6,classical,auto,1,,300,1,3,provable,proved,,ok,focus,MLL,164,16,0.132,93,42,51,542,0,0,2048,0.000,0.000,auto,30,0.008
family,partition-yes,6,0,partition-yes/6,classical,auto,1,,300,2,3,provable,proved,,ok,focus,MLL,164,16,0.132,93,42,51,542,0,0,2048,0.000,0.000,auto,30,0.009
family,partition-yes,7,0,partition-yes/7,classical,auto,1,,300,0,3,provable,proved,,ok,focus,MLL,266,28,0.212,178,97,81,1097,0,0,2048,0.000,0.000,auto,30,0.013
family,partition-yes,7,0,partition-yes/7,classical,auto,1,,300,1,3,provable,proved,,ok,focus,MLL,266,28,0.209,178,97,81,1097,0,0,2048,0.000,0.000,auto,30,0.013
family,partition-yes,7,0,partition-yes/7,classical,auto,1,,300,2,3,provable,proved,,ok,focus,MLL,266,28,0.244,178,97,81,1097,0,0,2048,0.000,0.000,auto,30,0.013
family,partition-no,4,0,partition-no/4,classical,auto,1,,300,0,3,unprovable,unprovable,,,focus,MLL,104,10,0.144,217,136,81,939,0,0,2048,0.000,0.000,auto,30,
family,partition-no,4,0,partition-no/4,classical,auto,1,,300,1,3,unprovable,unprovable,,,focus,MLL,104,10,0.141,217,136,81,939,0,0,2048,0.000,0.000,auto,30,
family,partition-no,4,0,partition-no/4,classical,auto,1,,300,2,3,unprovable,unprovable,,,focus,MLL,104,10,0.137,217,136,81,939,0,0,2048,0.000,0.000,auto,30,
family,partition-no,5,0,partition-no/5,classical,auto,1,,300,0,3,unprovable,unprovable,,,focus,MLL,206,22,0.458,811,568,243,4161,0,0,2048,0.000,0.000,auto,30,
family,partition-no,5,0,partition-no/5,classical,auto,1,,300,1,3,unprovable,unprovable,,,focus,MLL,206,22,0.459,811,568,243,4161,0,0,2048,0.000,0.000,auto,30,
family,partition-no,5,0,partition-no/5,classical,auto,1,,300,2,3,unprovable,unprovable,,,focus,MLL,206,22,0.469,811,568,243,4161,0,0,2048,0.000,0.000,auto,30,
family,mix,8,0,mix/8,mix,auto,1,,300,0,3,unprovable,unprovable,,,focus,MALL,80,1,1554.210,14316140,14283372,32768,51741261,0,0,2048,1540.000,0.881,auto,30,
family,mix,8,0,mix/8,mix,auto,1,,300,1,3,unprovable,unprovable,,,focus,MALL,80,1,1558.405,14316140,14283372,32768,51741261,0,0,2048,1550.000,0.841,auto,30,
family,mix,8,0,mix/8,mix,auto,1,,300,2,3,unprovable,unprovable,,,focus,MALL,80,1,1556.818,14316140,14283372,32768,51741261,0,0,2048,1540.000,0.848,auto,30,
family,mix,9,0,mix/9,mix,auto,1,,300,0,3,unprovable,unprovable,,,focus,MALL,90,1,14285.584,129009092,128878020,131072,465310909,0,0,2048,14240.000,8.942,auto,30,
family,mix,10,0,mix/10,mix,auto,1,,300,0,3,unprovable,unprovable,,,focus,MALL,100,1,151797.414,1161737180,1161212892,524288,4186028717,0,0,2048,151320.000,157.978,auto,30,
family,mix,11,0,mix/11,mix,auto,1,,300,0,3,unprovable,unknown,timeout,,focus,MALL,110,1,300058.145,2174375531,2173498090,877438,7837146439,0,0,2048,299160.000,362.604,auto,30,
lltp,ILL/petri-nets/MCC,,,AirplaneLD-pt-0010_20_1.p,intuitionistic,auto,1,,5,0,3,provable,unknown,timeout,,two-sided,IMELL,812,25,5002.585,47,0,45,273309919,0,0,2048,4980.000,712.270,auto,30,
lltp,ILL/petri-nets/MCC,,,BridgeAndVehicles-V10-P10-N10-unfolded_1_1.p,intuitionistic,auto,1,,5,0,3,provable,proved,,ok,two-sided,IMELL,4386,223,0.231,3,0,2,278,0,0,2048,0.000,0.011,auto,30,0.034
lltp,ILL/petri-nets/MCC,,,ClientsAndServers-0001-0_20_1.p,intuitionistic,auto,1,,5,0,3,provable,proved,,ok,two-sided,IMELL,182,9,11.990,37981,34619,630,216850,0,0,2048,10.000,0.222,auto,30,0.013
lltp,ILL/petri-nets/MCC,,,CloudDeployment_deploy_4_a_5_1.p,intuitionistic,auto,1,,5,0,3,provable,proved,,ok,two-sided,IMELL,5350,158,0.333,3,0,2,19,0,0,2048,0.000,0.012,auto,30,0.042
lltp,ILL/petri-nets/MCC,,,DES_des_30_a_10_1.p,intuitionistic,auto,1,,5,0,3,provable,proved,,ok,two-sided,IMELL,1946,35,67.208,8026,5544,1109,2565104,0,0,2048,60.000,8.810,auto,30,0.032
lltp,ILL/petri-nets/MCC,,,DLCround_dlcro_03_b_50_1.p,intuitionistic,auto,1,,5,0,3,provable,unknown,timeout,,two-sided,IMELL,9632,11,5006.414,7006161,6971305,27388,26723056,0,0,2048,4990.000,742.453,auto,30,
lltp,ILL/petri-nets/MCC,,,DNAwalker_dnawalk-10_1_1.p,intuitionistic,auto,1,,5,0,3,provable,proved,,ok,two-sided,IMELL,2608,59,0.167,3,0,2,55,0,0,2048,0.000,0.010,auto,30,0.025
lltp,ILL/petri-nets/MCC,,,Dekker_dekker-10_5_1.p,intuitionistic,auto,1,,5,0,3,provable,proved,,ok,two-sided,IMELL,1718,20,0.301,127,45,67,1792,0,0,2048,0.000,0.010,auto,30,0.017
lltp,ILL/petri-nets/MCC,,,Eratosthenes_eratosthenes-050_5_1.p,intuitionistic,auto,1,,5,0,3,provable,unknown,timeout,,two-sided,IMELL,832,25,5014.760,568067,344777,217497,138276559,0,0,2048,4990.000,270.390,auto,30,
lltp,ILL/petri-nets/MCC,,,FMS-10_10_1.p,intuitionistic,auto,1,,5,0,3,provable,proved,,ok,two-sided,IMELL,242,12,73.467,17876,11545,3086,2573514,0,0,2048,70.000,6.650,auto,30,0.019
lltp,ILL/petri-nets/MCC,,,HexagonalGrid_hxg_126_5_1.p,intuitionistic,auto,1,,5,0,3,provable,proved,,ok,two-sided,IMELL,454,38,4.782,1146,575,415,227777,0,0,2048,0.000,0.446,auto,30,0.014
lltp,ILL/petri-nets/MCC,,,IOTPpurchase_IOTP_c1m1p1d1_20_1.p,intuitionistic,auto,1,,5,0,3,provable,proved,,ok,two-sided,IMELL,522,2,0.680,231,0,21,9258,0,0,2048,0.000,0.012,auto,30,0.019
lltp,ILL/petri-nets/MCC,,,LamportFastMutEx_lamport_fmea-4_10_1.p,intuitionistic,auto,1,,5,0,3,provable,proved,,ok,two-sided,IMELL,2018,46,93.721,14050,5054,6368,3474910,0,0,2048,90.000,16.599,auto,30,0.028
lltp,ILL/petri-nets/MCC,,,NeighborGrid_z_4d_3n_2m_c_2_3_20_1.p,intuitionistic,auto,1,,5,0,3,provable,unknown,timeout,,two-sided,IMELL,7174,58,5022.489,149773,36928,112771,202094427,0,0,2048,5000.000,329.198,auto,30,
lltp,ILL/petri-nets/MCC,,,ParamProductionCell_open_system_0_20_1.p,intuitionistic,auto,1,,5,0,3,provable,proved,,ok,two-sided,IMELL,1582,16,9.591,734,241,68,472652,0,0,2048,10.000,3.088,auto,30,0.034
lltp,ILL/petri-nets/MCC,,,Peterson-4_50_1.p,intuitionistic,auto,1,,5,0,3,provable,unknown,timeout,,two-sided,IMELL,4294,18,5013.530,6490148,6347910,81246,81553719,0,0,2048,4990.000,1080.938,auto,30,
lltp,ILL/petri-nets/MCC,,,PolyORBLF_PolyORB-LF-S02-J04-T06-unfolded_10_1.p,intuitionistic,auto,1,,5,0,3,provable,proved,,ok,two-sided,IMELL,14714,1214,84.522,1348,424,428,989015,0,0,2048,80.000,16.581,auto,30,0.115
lltp,ILL/petri-nets/MCC,,,QuasiCertifProtocol_QCertifProtocol_10-unfold_20_1.p,intuitionistic,auto,1,,5,0,3,provable,unknown,timeout,,two-sided,IMELL,2698,77,5008.166,2730,1821,581,150555524,0,0,2048,4990.000,653.430,auto,30,
lltp,ILL/petri-nets/MCC,,,Railroad_railroad-010-pt_20_1.p,intuitionistic,auto,1,,5,0,3,provable,proved,,ok,two-sided,IMELL,1894,121,69.192,6908,2059,2917,2965303,0,0,2048,60.000,8.627,auto,30,0.030
lltp,ILL/petri-nets/MCC,,,ResAllocation_RAS-R-10_10_1.p,intuitionistic,auto,1,,5,0,3,provable,proved,,ok,two-sided,IMELL,272,3,1.676,7462,6795,296,27474,0,0,2048,0.000,0.020,auto,30,0.012
lltp,ILL/petri-nets/MCC,,,SafeBus-03-unfolded_20_1.p,intuitionistic,auto,1,,5,0,3,provable,proved,,ok,two-sided,IMELL,1126,43,756.874,2161243,2057320,37944,12409077,0,0,2048,740.000,168.982,auto,30,0.024
lltp,ILL/petri-nets/MCC,,,SmallOperatingSystem-MT0032DC0008_1_1.p,intuitionistic,auto,1,,5,0,3,provable,proved,,ok,two-sided,IMELL,400,34,0.087,3,0,2,152,0,0,2048,0.000,0.011,auto,30,0.021
lltp,ILL/petri-nets/MCC,,,TCPcondis_tcp15_20_1.p,intuitionistic,auto,1,,5,0,3,provable,unknown,timeout,,two-sided,IMELL,370,17,5027.338,5641417,5165603,276159,184504171,0,0,2048,5000.000,592.664,auto,30,
lltp,ILL/petri-nets/MCC,,,TokenRing-10-unfolded_100_1.p,intuitionistic,auto,1,,5,0,3,provable,unknown,timeout,,two-sided,IMELL,8930,21,5007.055,3655755,3581061,39881,49159281,0,0,2048,4980.000,1018.985,auto,30,
lltp,ILL/ILLTP-SYJ-01,,,SYJ201+1.007.p,intuitionistic,auto,1,,5,0,3,provable,unknown,copy_bound,,two-sided,ILL,1138,17,6.090,18130,9480,6724,11565,0,0,2048,0.000,0.005,auto,30,
lltp,ILL/ILLTP-SYJ-01,,,SYJ203+1.016.p,intuitionistic,auto,1,,5,0,3,provable,unknown,copy_bound,,two-sided,ILL,180,17,3.246,12930,2092,7469,904,0,0,2048,0.000,0.002,auto,30,
lltp,ILL/ILLTP-SYJ-01,,,SYJ205+1.013.p,intuitionistic,auto,1,,5,0,3,provable,unknown,copy_bound,,two-sided,ILL,356,2,0.050,52,18,17,5,0,0,2048,0.000,0.000,auto,30,
lltp,ILL/ILLTP-SYJ-01,,,SYJ207+1.018.p,intuitionistic,auto,1,,5,0,3,,unknown,copy_bound,,two-sided,ILL,5770,38,213.171,213294,122979,79641,148392,0,0,2048,210.000,0.239,auto,30,
lltp,ILL/ILLTP-SYJ-01,,,SYJ210+1.006.p,intuitionistic,auto,1,,5,0,3,unprovable,unknown,copy_bound,,two-sided,ILL,71,2,0.064,199,141,23,183,0,0,2048,0.000,0.000,auto,30,
lltp,ILL/ILLTP-SYJ-01,,,SYJ212+1.002.p,intuitionistic,auto,1,,5,0,3,unprovable,unknown,copy_bound,,two-sided,ILL,82,4,0.066,124,33,37,43,0,0,2048,0.000,0.000,auto,30,
lltp,ILL/ILLTP-SYJ-cbn,,,SYJ201+1.019.p,intuitionistic,auto,1,,5,0,3,provable,unknown,copy_bound,,two-sided,ILL,3548,41,61.409,65564,30498,33464,62478,0,0,2048,60.000,0.086,auto,30,
lltp,ILL/ILLTP-SYJ-cbn,,,SYJ204+1.010.p,intuitionistic,auto,1,,5,0,3,provable,unknown,copy_bound,,two-sided,IMELL,83,2,0.127,438,368,26,430,0,0,2048,0.000,0.010,auto,30,
lltp,ILL/ILLTP-SYJ-cbn,,,SYJ206+1.009.p,intuitionistic,auto,1,,5,0,3,provable,unknown,copy_bound,,two-sided,ILL,8169,512,8.791,10790,7228,3147,5698,0,0,2048,10.000,0.964,auto,30,
lltp,ILL/ILLTP-SYJ-cbn,,,SYJ209+1.004.p,intuitionistic,auto,1,,5,0,3,unprovable,unknown,copy_bound,,two-sided,ILL,46,4,0.085,222,56,64,43,0,0,2048,0.000,0.000,auto,30,
lltp,ILL/ILLTP-SYJ-cbn,,,SYJ210+1.020.p,intuitionistic,auto,1,,5,0,3,unprovable,unknown,copy_bound,,two-sided,ILL,169,2,0.375,2698,2482,86,2690,0,0,2048,0.000,0.021,auto,30,
lltp,ILL/ILLTP-SYJ-cbv,,,SYJ201+1.019.p,intuitionistic,auto,1,,5,0,3,provable,unknown,copy_bound,,two-sided,IMELL,5225,41,184.252,166229,96097,66928,259042,0,0,2048,180.000,0.219,auto,30,
lltp,ILL/ILLTP-SYJ-cbv,,,SYJ204+1.017.p,intuitionistic,auto,1,,5,0,3,provable,unknown,copy_bound,,two-sided,IMELL,174,2,0.173,1077,959,59,1042,0,0,2048,0.000,0.000,auto,30,
lltp,ILL/ILLTP-SYJ-cbv,,,SYJ207+1.004.p,intuitionistic,auto,1,,5,0,3,unprovable,unknown,copy_bound,,two-sided,ILL,336,10,0.678,2147,1140,838,3092,0,0,2048,0.000,0.000,auto,30,
lltp,ILL/ILLTP-SYJ-cbv,,,SYJ209+1.014.p,intuitionistic,auto,1,,5,0,3,,unknown,copy_bound,,two-sided,ILL,151,14,1.467,8305,4978,2903,926,0,0,2048,0.000,0.000,auto,30,
lltp,ILL/ILLTP-SYJ-cbv,,,SYJ212+1.010.p,intuitionistic,auto,1,,5,0,3,unprovable,unknown,copy_bound,,two-sided,ILL,27105,1024,52.006,17785,10496,5045,11672,0,0,2048,50.000,0.043,auto,30,
lltp,ILL/KLE-01,,,KLE058+1.p,intuitionistic,auto,1,,5,0,3,provable,unknown,copy_bound,,two-sided,ILL,33,2,0.036,38,11,12,12,0,0,2048,0.000,0.000,auto,30,
lltp,ILL/KLE-IMP-CONJ,,,KLE_26_01.p,intuitionistic,auto,1,,5,0,3,provable,unknown,copy_bound,,two-sided,ILL,74,2,0.054,100,36,27,39,0,0,2048,0.000,0.000,auto,30,
lltp,ILL/KLE-IMP-CONJ,,,KLE_57_CBV.p,intuitionistic,auto,1,,5,0,3,provable,unknown,copy_bound,,two-sided,ILL,51,2,0.042,75,30,20,58,0,0,2048,0.000,0.000,auto,30,
lltp,ILL/KLE-cbn,,,KLE084+1.p,intuitionistic,auto,1,,5,0,3,provable,unknown,copy_bound,,two-sided,ILL,193,8,0.143,177,70,73,152,0,0,2048,0.000,0.002,auto,30,
lltp,ILL/petri-nets/MCC,,,AutoFlight_afcs_03_b_5_1.p,intuitionistic,auto,1,,5,0,3,provable,proved,,ok,two-sided,IMELL,1392,6,9.316,17428,16712,316,149374,0,0,2048,0.000,2.662,auto,30,0.024
lltp,ILL/petri-nets/MCC,,,DES_des_01_b_10_1.p,intuitionistic,auto,1,,5,0,3,provable,unknown,timeout,,two-sided,IMELL,1384,6,5000.732,32537950,32526609,8338,83563369,0,0,2048,4980.000,8.997,auto,30,
lltp,ILL/petri-nets/MCC,,,DES_des_50_b_20_1.p,intuitionistic,auto,1,,5,0,3,provable,unknown,timeout,,two-sided,IMELL,2968,51,5001.035,26694091,26684006,7377,69568749,0,0,2048,4980.000,10.971,auto,30,
lltp,ILL/petri-nets/MCC,,,IBM319_5_1.p,intuitionistic,auto,1,,5,0,3,provable,proved,,ok,two-sided,IMELL,1056,4,50.242,235697,229929,4169,704687,0,0,2048,40.000,7.486,auto,30,0.024
lltp,ILL/ILLTP-SYJ-01,,,SYJ208+1.015.p,intuitionistic,auto,1,,5,0,3,unprovable,unknown,recursion_limit,,two-sided,ILL,13653,30,19.727,1532,0,1020,0,0,0,2048,20.000,0.028,auto,30,
lltp,ILL/ILLTP-SYJ-cbv,,,SYJ208+1.016.p,intuitionistic,auto,1,,5,0,3,unprovable,unknown,recursion_limit,,two-sided,ILL,13956,32,5.760,2026,0,2025,2026,0,0,2048,0.000,0.006,auto,30,
lltp,ILL/petri-nets/MCC,,,AutoFlight_afcs_96_b_1_1.p,intuitionistic,auto,1,,5,0,3,provable,proved,,ok,two-sided,IMELL,36402,104,2.634,2,0,1,1,0,0,2048,0.000,0.022,auto,30,0.388
lltp,ILL/petri-nets/MCC,,,BridgeAndVehicles-V50-P20-N20-unfolded_5_1.p,intuitionistic,auto,1,,5,0,3,provable,proved,,ok,two-sided,IMELL,36826,2103,38.995,106,31,37,146510,0,0,2048,40.000,12.299,auto,30,0.193
lltp,ILL/petri-nets/MCC,,,BridgeAndVehicles-V80-P20-N50-unfolded_1_1.p,intuitionistic,auto,1,,5,0,3,provable,proved,,ok,two-sided,IMELL,135826,8163,16.095,4,0,2,7985,0,0,2048,20.000,1.086,auto,30,0.636
lltp,ILL/petri-nets/MCC,,,CloudDeployment_deploy_5_b_100_1.p,intuitionistic,auto,1,,5,0,3,provable,unknown,timeout,,two-sided,IMELL,51588,1024,5008.479,1183594,1168894,13033,10634903,0,0,2048,4990.000,865.205,auto,30,
lltp,ILL/petri-nets/MCC,,,CloudReconfiguration_reconf_3_04_20_1.p,intuitionistic,auto,1,,5,0,3,provable,unknown,timeout,,two-sided,IMELL,12926,129,5002.110,4314271,4300145,4257,35157027,0,0,2048,4980.000,857.418,auto,30,
lltp,ILL/petri-nets/MCC,,,CloudReconfiguration_reconf_3_10_100_1.p,intuitionistic,auto,1,,5,0,3,provable,unknown,timeout,,two-sided,IMELL,12936,129,5001.680,4462985,4448631,4261,36173576,0,0,2048,4980.000,868.761,auto,30,
lltp,ILL/petri-nets/MCC,,,CloudReconfiguration_reconf_3_15_20_1.p,intuitionistic,auto,1,,5,0,3,provable,unknown,timeout,,two-sided,IMELL,12934,129,5002.578,4241136,4227161,4240,34625708,0,0,2048,4990.000,875.083,auto,30,
lltp,ILL/petri-nets/MCC,,,CloudReconfiguration_reconf_4_01_100_1.p,intuitionistic,auto,1,,5,0,3,provable,unknown,timeout,,two-sided,IMELL,17788,172,5002.773,3323606,3312704,5219,27575075,0,0,2048,4980.000,927.181,auto,30,
lltp,ILL/petri-nets/MCC,,,DLCround_dlcro_07_b_5_1.p,intuitionistic,auto,1,,5,0,3,provable,unknown,timeout,,two-sided,IMELL,22152,15,5004.198,2995874,2984656,8439,14192693,0,0,2048,4980.000,624.317,auto,30,
lltp,ILL/petri-nets/MCC,,,DLCround_dlcro_12_a_1_1.p,intuitionistic,auto,1,,5,0,3,provable,proved,,ok,two-sided,IMELL,27214,69,1.598,3,0,2,279,0,0,2048,0.000,0.040,auto,30,0.204
lltp,ILL/petri-nets/MCC,,,DLCshifumi_dlcsh_4_a_100_1.p,intuitionistic,auto,1,,5,0,3,provable,unknown,timeout,,two-sided,IMELL,58602,317,5170.344,161847,789,161015,4018024,0,0,2048,5140.000,558.036,auto,30,
lltp,ILL/petri-nets/MCC,,,Diffusion2D_2D8_gradient_20x20_100_5_1.p,intuitionistic,auto,1,,5,0,3,provable,proved,,ok,two-sided,IMELL,12254,108,1337.949,21036,13232,6798,64207524,0,0,2048,1340.000,171.594,auto,30,0.140
lltp,ILL/petri-nets/MCC,,,Diffusion2D_2D8_gradient_40x40_50_5_1.p,intuitionistic,auto,1,,5,0,3,provable,proved,,ok,two-sided,IMELL,49494,58,442.836,2701,1399,1156,9639160,0,0,2048,440.000,88.144,auto,30,0.496
lltp,ILL/petri-nets/MCC,,,Echo_echo-d5r3_5_1.p,intuitionistic,auto,1,,5,0,3,provable,proved,,ok,two-sided,IMELL,57846,10,200.894,3307,1330,1819,2242261,0,0,2048,200.000,52.654,auto,30,0.336
lltp,ILL/petri-nets/MCC,,,FlexibleBarrier_flexbar_18_b_5_1.p,intuitionistic,auto,1,,5,0,3,provable,unknown,timeout,,two-sided,IMELL,25322,325,5004.676,2337264,2324885,9825,19566221,0,0,2048,4980.000,631.517,auto,30,
lltp,ILL/petri-nets/MCC,,,HypercubeGrid_hc3k4p4b12_5_1.p,intuitionistic,auto,1,,5,0,3,provable,unknown,timeout,,two-sided,IMELL,30334,43,5033.472,79534,20706,58620,54372394,0,0,2048,5010.000,1172.213,auto,30,
lltp,ILL/petri-nets/MCC,,,NeoElection_neoelection-7.unf_10_1.p,intuitionistic,auto,1,,5,0,3,provable,unknown,timeout,,two-sided,IMELL,164394,2072,5019.215,3914,0,3911,6448046,0,0,2048,5010.000,164.115,auto,30,
lltp,ILL/petri-nets/MCC,,,Philosophers-1000_1_1.p,intuitionistic,auto,1,,5,0,3,provable,proved,,ok,two-sided,IMELL,39996,5,45.558,5,0,2,9995,0,0,2048,40.000,0.060,auto,30,0.579
lltp,ILL/petri-nets/MCC,,,PolyORBLF_PolyORB-LF-S04-J04-T08-unfolded_5_1.p,intuitionistic,auto,1,,5,0,3,provable,proved,,ok,two-sided,IMELL,115596,17188,157.896,244,80,82,499614,0,0,2048,160.000,33.910,auto,30,0.486
lltp,ILL/petri-nets/MCC,,,Railroad_railroad-050-pt_50_1.p,intuitionistic,auto,1,,5,0,3,provable,proved,,ok,two-sided,IMELL,33174,2601,566.139,4554,21,3406,7491956,0,0,2048,560.000,96.012,auto,30,0.212
lltp,ILL/petri-nets/MCC,,,RwMutex_rwmutex-r2000w10_1_1.p,intuitionistic,auto,1,,5,0,3,provable,proved,,ok,two-sided,IMELL,120116,12,7.405,7,0,4,17546,0,0,2048,10.000,0.038,auto,30,1.142
lltp,ILL/petri-nets/MCC,,,SmallOperatingSystem-MT2048DC1024_1_1.p,intuitionistic,auto,1,,5,0,3,provable,proved,,ok,two-sided,IMELL,28720,2050,1.810,3,0,2,11264,0,0,2048,10.000,0.026,auto,30,1.218
lltp,ILL/petri-nets/MCC,,,Angiogenesis_angiogenesis-15_20_1.p,intuitionistic,auto,1,,5,0,3,provable,unknown,timeout,,two-sided,IMELL,818,24,5011.919,616849,438284,98167,170887571,0,0,2048,4990.000,521.751,auto,30,
lltp,ILL/petri-nets/MCC,,,AutoFlight_afcs_48_a_50_1.p,intuitionistic,auto,1,,5,0,3,provable,unknown,timeout,,two-sided,IMELL,7430,53,5194.579,576331,1,576323,133306550,0,0,2048,5170.000,1216.761,auto,30,
lltp,ILL/petri-nets/MCC,,,CircadianClock_circadian_clock-001000_1_1.p,intuitionistic,auto,1,,5,0,3,provable,proved,,ok,two-sided,IMELL,20122,1004,1.389,3,0,2,11003,0,0,2048,0.000,0.014,auto,30,0.869
lltp,ILL/petri-nets/MCC,,,ClientsAndServers-0010-1_100_1.p,intuitionistic,auto,1,,5,0,3,provable,unknown,timeout,,two-sided,IMELL,926,81,5000.442,485099,348922,28011,139904378,0,0,2048,4970.000,359.596,auto,30,
lltp,ILL/petri-nets/MCC,,,ClientsAndServers-0020-3_50_1.p,intuitionistic,auto,1,,5,0,3,provable,unknown,timeout,,two-sided,IMELL,1626,161,5005.184,480904,345940,27956,85509977,0,0,2048,4980.000,622.882,auto,30,
lltp,ILL/petri-nets/MCC,,,Diffusion2D_2D8_gradient_5x5_150_20_1.p,intuitionistic,auto,1,,5,0,3,provable,proved,,ok,two-sided,IMELL,1174,158,0.170,13,0,10,2083,0,0,2048,0.000,0.012,auto,30,0.038
lltp,ILL/petri-nets/MCC,,,ERK_erk-001000_1_1.p,intuitionistic,auto,1,,5,0,3,provable,proved,,ok,two-sided,IMELL,20064,1002,1.425,3,0,2,5002,0,0,2048,0.000,0.032,auto,30,0.942
lltp,ILL/petri-nets/MCC,,,Echo_echo-d2r9_100_1.p,intuitionistic,auto,1,,5,0,3,provable,unknown,timeout,,two-sided,IMELL,6910,5,5027.798,456384,292303,132016,178246725,0,0,2048,5000.000,738.687,auto,30,
lltp,ILL/petri-nets/MCC,,,GPPP_G-PPP-1-1000_50_1.p,intuitionistic,auto,1,,5,0,3,provable,proved,,ok,two-sided,IMELL,36348,4005,191.087,1914,1057,331,1086912,0,0,2048,190.000,37.878,auto,30,1.636
lltp,ILL/petri-nets/MCC,,,GPPP_G-PPP-100-1000_100_1.p,intuitionistic,auto,1,,5,0,3,provable,unknown,timeout,,two-sided,IMELL,55752,4680,5001.940,43739,29592,5391,435825759,0,0,2048,4980.000,1234.324,auto,30,
lltp,ILL/petri-nets/MCC,,,HouseConstruction-100_5_1.p,intuitionistic,auto,1,,5,0,3,provable,proved,,ok,two-sided,IMELL,502,100,0.160,37,4,14,400,0,0,2048,0.000,0.012,auto,30,0.024
lltp,ILL/petri-nets/MCC,,,JoinFreeModules_joinFree-10_50_1.p,intuitionistic,auto,1,,5,0,3,provable,unknown,timeout,,two-sided,IMELL,1926,23,5089.173,12617970,12216833,331468,53225712,0,0,2048,5060.000,1084.125,auto,30,
lltp,ILL/petri-nets/MCC,,,Kanban-500_50_1.p,intuitionistic,auto,1,,5,0,3,provable,unknown,timeout,,two-sided,IMELL,8078,501,5003.731,139346,106207,10954,24872267,0,0,2048,4970.000,533.772,auto,30,
lltp,ILL/petri-nets/MCC,,,MAPK-80_20_1.p,intuitionistic,auto,1,,5,0,3,provable,proved,,ok,two-sided,IMELL,1618,82,0.177,6,0,3,503,0,0,2048,0.000,0.012,auto,30,0.069
lltp,ILL/petri-nets/MCC,,,PermAdmissibility_unf-8x8-4stageSEN-50_10_1.p,intuitionistic,auto,1,,5,0,3,provable,unknown,timeout,,two-sided,IMELL,8774,64,5008.724,111470,60272,41136,41204124,0,0,2048,4980.000,573.614,auto,30,
lltp,ILL/petri-nets/MCC,,,Planning_planning_5_1.p,intuitionistic,auto,1,,5,0,3,provable,proved,,ok,two-sided,IMELL,1568,17,956.712,217076,147665,61966,45027119,0,0,2048,940.000,108.896,auto,30,0.033
lltp,ILL/petri-nets/MCC,,,QuasiCertifProtocol_QCertifProtocol_32-unfold_20_1.p,intuitionistic,auto,1,,5,0,3,provable,unknown,timeout,,two-sided,IMELL,16716,231,5021.234,4,0,1,38289491,0,0,2048,5000.000,790.195,auto,30,
lltp,ILL/petri-nets/MCC,,,ResAllocation_RAS-C-50_100_1.p,intuitionistic,auto,1,,5,0,3,provable,unknown,timeout,,two-sided,IMELL,2240,3,5044.894,3514775,3278847,221458,60104213,0,0,2048,5020.000,504.463,auto,30,
lltp,ILL/petri-nets/MCC,,,RobotManipulation_robot-manipulation-500_10_1.p,intuitionistic,auto,1,,5,0,3,provable,proved,,ok,two-sided,IMELL,12068,1002,2.925,21,1,8,141365,0,0,2048,0.000,0.017,auto,30,0.571
lltp,ILL/petri-nets/MCC,,,SmallOperatingSystem-MT0064DC0016_1_1.p,intuitionistic,auto,1,,5,0,3,provable,proved,,ok,two-sided,IMELL,752,66,0.106,3,0,2,304,0,0,2048,0.000,0.012,auto,30,0.035
lltp,ILL/petri-nets/MCC,,,SmallOperatingSystem-MT0512DC0128_1_1.p,intuitionistic,auto,1,,5,0,3,provable,proved,,ok,two-sided,IMELL,5680,514,0.412,3,0,2,2432,0,0,2048,0.000,0.012,auto,30,0.234
lltp,ILL/petri-nets/MCC,,,Solitaire_soli2_counter_20_1.p,intuitionistic,auto,1,,5,0,3,provable,unknown,timeout,,two-sided,IMELL,1538,108,5062.462,795406,424081,303915,153302588,0,0,2048,5040.000,645.142,auto,30,
lltp,ILL/petri-nets/MCC,,,SwimmingPool-4_10_1.p,intuitionistic,auto,1,,5,0,3,provable,proved,,ok,two-sided,IMELL,758,81,5.470,495,203,95,131562,0,0,2048,0.000,0.019,auto,30,0.040
lltp,ILL/petri-nets/MCC,,,SwimmingPool-9_5_1.p,intuitionistic,auto,1,,5,0,3,provable,proved,,ok,two-sided,IMELL,1658,181,0.370,36,4,13,6008,0,0,2048,0.000,0.011,auto,30,0.077
lltp,ILL/petri-nets/MCC,,,AutoFlight_afcs_05_a_1_1.p,intuitionistic,auto,1,,5,0,3,provable,proved,,ok,two-sided,IMELL,906,8,0.122,3,0,2,35,0,0,2048,0.000,0.013,auto,30,0.019
lltp,ILL/petri-nets/MCC,,,ClientsAndServers-0005-0_1_1.p,intuitionistic,auto,1,,5,0,3,provable,proved,,ok,two-sided,IMELL,448,41,0.087,3,0,2,179,0,0,2048,0.000,0.012,auto,30,0.021
lltp,ILL/petri-nets/MCC,,,DES_des_00_a_20_1.p,intuitionistic,auto,1,,5,0,3,provable,proved,,ok,two-sided,IMELL,832,7,3443.028,718236,529396,63499,157499100,0,0,2048,3420.000,417.148,auto,30,0.031
lltp,ILL/petri-nets/MCC,,,IOTPpurchase_IOTP_c5m4p3d2_1_1.p,intuitionistic,auto,1,,5,0,3,provable,proved,,ok,two-sided,IMELL,554,6,0.111,3,0,2,39,0,0,2048,0.000,0.011,auto,30,0.014
lltp,ILL/petri-nets/MCC,,,Parking_parking_2_8_5_1.p,intuitionistic,auto,1,,5,0,3,provable,unknown,timeout,,two-sided,IMELL,1250,11,5081.068,378885,4,378873,291489849,0,0,2048,5060.000,292.568,auto,30,
lltp,ILL/petri-nets/MCC,,,PermAdmissibility_unf-8x8-4stageSEN-05_100_1.p,intuitionistic,auto,1,,5,0,3,provable,unknown,timeout,,two-sided,IMELL,7144,64,5040.452,408547,228639,144015,198112630,0,0,2048,5020.000,936.657,auto,30,
lltp,ILL/petri-nets/MCC,,,PhaseVariation_5-10_phaseVariation_50_1.p,intuitionistic,auto,1,,5,0,3,provable,unknown,timeout,,two-sided,IMELL,9658,687,5025.982,97878,18582,76277,55769366,0,0,2048,5010.000,363.349,auto,30,
lltp,ILL/petri-nets/MCC,,,ResAllocation_RAS-R-15_10_1.p,intuitionistic,auto,1,,5,0,3,provable,proved,,ok,two-sided,IMELL,410,3,1.982,7035,6370,294,36116,0,0,2048,0.000,0.019,auto,30,0.017
lltp,ILL/petri-nets/MCC,,,RobotManipulation_robot-manipulation-5_1_1.p,intuitionistic,auto,1,,5,0,3,provable,proved,,ok,two-sided,IMELL,192,12,0.068,3,0,2,56,0,0,2048,0.000,0.009,auto,30,0.010
lltp,ILL/petri-nets/MCC,,,RwMutex_rwmutex-r10w100_1_1.p,intuitionistic,auto,1,,5,0,3,provable,proved,,ok,two-sided,IMELL,5378,102,0.294,3,0,2,306,0,0,2048,0.000,0.012,auto,30,0.044
lltp,ILL/petri-nets/MCC,,,SafeBus-10-unfolded_1_1.p,intuitionistic,auto,1,,5,0,3,provable,proved,,ok,two-sided,IMELL,22868,1191,1.316,3,0,2,132,0,0,2048,0.000,0.012,auto,30,0.125
lltp,ILL/petri-nets/MCC,,,SimpleLoadBal_simple_lbs-15_50_1.p,intuitionistic,auto,1,,5,0,3,provable,unknown,timeout,,two-sided,IMELL,18082,1142,5008.357,267676,201578,46688,70730224,0,0,2048,4990.000,1091.282,auto,30,
lltp,ILL/petri-nets/MCC,,,TCPcondis_tcp30_50_1.p,intuitionistic,auto,1,,5,0,3,provable,unknown,timeout,,two-sided,IMELL,512,32,5028.634,6822367,6364402,266353,81576795,0,0,2048,5000.000,728.119,auto,30,
lltp,ILL/petri-nets/MCC,,,DatabaseWithMutex_database20UNFOLD_5_1.p,intuitionistic,auto,1,,5,0,3,provable,unknown,timeout,,two-sided,IMELL,46672,21,5047.632,176707,77989,98247,76059784,0,0,16384,5030.000,498.592,auto,30,
lltp,ILL/petri-nets/MCC,,,Diffusion2D_2D8_gradient_20x20_50_1_1.p,intuitionistic,auto,1,,5,0,3,provable,proved,,ok,two-sided,IMELL,12054,58,0.797,3,0,2,52,0,0,16384,0.000,0.013,auto,30,0.125
lltp,ILL/petri-nets/MCC,,,TokenRing-15-unfolded_1_1.p,intuitionistic,auto,1,,5,0,3,provable,proved,,ok,two-sided,IMELL,28990,31,1.437,3,0,2,130,0,0,16384,0.000,0.015,auto,30,0.207
lltp,ILL/petri-nets/MCC,,,TokenRing-20-unfolded_1_1.p,intuitionistic,auto,1,,5,0,3,provable,proved,,ok,two-sided,IMELL,67450,41,3.318,3,0,2,91,0,0,16384,0.000,0.019,auto,30,0.457
family,qbf,16,0,qbf/16#0,classical,auto,1,,300,0,3,provable,proved,,ok,focus,MALL,399,9,9.750,14615,0,14615,22146,0,0,2048,0.000,0.008,auto,30,1.298
family,qbf,16,0,qbf/16#0,classical,auto,1,,300,1,3,provable,proved,,ok,focus,MALL,399,9,9.166,14615,0,14615,22146,0,0,2048,0.000,0.007,auto,30,1.344
family,qbf,16,0,qbf/16#0,classical,auto,1,,300,2,3,provable,proved,,ok,focus,MALL,399,9,9.304,14615,0,14615,22146,0,0,2048,0.000,0.007,auto,30,1.354
family,qbf,16,1,qbf/16#1,classical,auto,1,,300,0,3,unprovable,unprovable,,,focus,MALL,399,7,1.497,2502,0,2502,4090,0,0,2048,0.000,0.000,auto,30,
family,qbf,16,1,qbf/16#1,classical,auto,1,,300,1,3,unprovable,unprovable,,,focus,MALL,399,7,1.510,2502,0,2502,4090,0,0,2048,0.000,0.002,auto,30,
family,qbf,16,1,qbf/16#1,classical,auto,1,,300,2,3,unprovable,unprovable,,,focus,MALL,399,7,1.512,2502,0,2502,4090,0,0,2048,0.000,0.007,auto,30,
family,qbf,16,2,qbf/16#2,classical,auto,1,,300,0,3,unprovable,unprovable,,,focus,MALL,399,6,2.445,3975,0,3975,6214,0,0,2048,0.000,0.008,auto,30,
family,qbf,16,2,qbf/16#2,classical,auto,1,,300,1,3,unprovable,unprovable,,,focus,MALL,399,6,2.395,3975,0,3975,6214,0,0,2048,0.000,0.002,auto,30,
family,qbf,16,2,qbf/16#2,classical,auto,1,,300,2,3,unprovable,unprovable,,,focus,MALL,399,6,2.298,3975,0,3975,6214,0,0,2048,0.000,0.004,auto,30,
family,qbf,16,3,qbf/16#3,classical,auto,1,,300,0,3,provable,proved,,ok,focus,MALL,399,8,7.596,12420,0,12420,19728,0,0,2048,0.000,0.005,auto,30,1.403
family,qbf,16,3,qbf/16#3,classical,auto,1,,300,1,3,provable,proved,,ok,focus,MALL,399,8,7.468,12420,0,12420,19728,0,0,2048,0.000,0.014,auto,30,1.442
family,qbf,16,3,qbf/16#3,classical,auto,1,,300,2,3,provable,proved,,ok,focus,MALL,399,8,7.458,12420,0,12420,19728,0,0,2048,0.000,0.005,auto,30,1.464
family,qbf,20,0,qbf/20#0,classical,auto,1,,300,0,3,unprovable,unprovable,,,focus,MALL,499,8,7.052,11161,0,11161,17161,0,0,2048,0.000,0.005,auto,30,
family,qbf,20,0,qbf/20#0,classical,auto,1,,300,1,3,unprovable,unprovable,,,focus,MALL,499,8,6.958,11161,0,11161,17161,0,0,2048,0.000,0.009,auto,30,
family,qbf,20,0,qbf/20#0,classical,auto,1,,300,2,3,unprovable,unprovable,,,focus,MALL,499,8,7.019,11161,0,11161,17161,0,0,2048,0.000,0.008,auto,30,
family,qbf,20,1,qbf/20#1,classical,auto,1,,300,0,3,unprovable,unprovable,,,focus,MALL,499,6,11.790,17781,0,17781,26685,0,0,2048,10.000,0.022,auto,30,
family,qbf,20,1,qbf/20#1,classical,auto,1,,300,1,3,unprovable,unprovable,,,focus,MALL,499,6,11.369,17781,0,17781,26685,0,0,2048,0.000,0.012,auto,30,
family,qbf,20,1,qbf/20#1,classical,auto,1,,300,2,3,unprovable,unprovable,,,focus,MALL,499,6,11.391,17781,0,17781,26685,0,0,2048,10.000,0.013,auto,30,
family,qbf,20,2,qbf/20#2,classical,auto,1,,300,0,3,provable,proved,,ok,focus,MALL,499,7,46.530,60883,0,60883,97394,0,0,2048,40.000,0.039,auto,30,6.495
family,qbf,20,2,qbf/20#2,classical,auto,1,,300,1,3,provable,proved,,ok,focus,MALL,499,7,46.362,60883,0,60883,97394,0,0,2048,40.000,0.050,auto,30,6.539
family,qbf,20,2,qbf/20#2,classical,auto,1,,300,2,3,provable,proved,,ok,focus,MALL,499,7,46.725,60883,0,60883,97394,0,0,2048,40.000,0.047,auto,30,6.526
family,qbf,20,3,qbf/20#3,classical,auto,1,,300,0,3,unprovable,unprovable,,,focus,MALL,499,7,6.735,10639,0,10639,16467,0,0,2048,0.000,0.005,auto,30,
family,qbf,20,3,qbf/20#3,classical,auto,1,,300,1,3,unprovable,unprovable,,,focus,MALL,499,7,6.720,10639,0,10639,16467,0,0,2048,0.000,0.005,auto,30,
family,qbf,20,3,qbf/20#3,classical,auto,1,,300,2,3,unprovable,unprovable,,,focus,MALL,499,7,6.764,10639,0,10639,16467,0,0,2048,0.000,0.018,auto,30,
family,counter,8,0,counter/8,classical,auto,1,,300,0,3,provable,proved,,ok,focus,MELL,27,8,0.086,47,5,9,151,0,0,2048,0.000,0.011,auto,30,0.005
family,counter,8,0,counter/8,classical,auto,1,,300,1,3,provable,proved,,ok,focus,MELL,27,8,0.087,47,5,9,151,0,0,2048,0.000,0.010,auto,30,0.004
family,counter,8,0,counter/8,classical,auto,1,,300,2,3,provable,proved,,ok,focus,MELL,27,8,0.086,47,5,9,151,0,0,2048,0.000,0.010,auto,30,0.004
family,counter,8,0,counter/8,intuitionistic,auto,1,,300,0,3,,proved,,ok,two-sided,IMELL,27,8,0.086,47,5,9,151,0,0,2048,0.000,0.010,auto,30,0.004
family,counter,8,0,counter/8,intuitionistic,auto,1,,300,1,3,,proved,,ok,two-sided,IMELL,27,8,0.093,47,5,9,151,0,0,2048,0.000,0.013,auto,30,0.005
family,counter,8,0,counter/8,intuitionistic,auto,1,,300,2,3,,proved,,ok,two-sided,IMELL,27,8,0.090,47,5,9,151,0,0,2048,0.000,0.010,auto,30,0.005
family,counter,16,0,counter/16,classical,auto,1,,300,0,4,provable,proved,,ok,focus,MELL,41,16,0.257,404,129,35,1529,0,0,2048,0.000,0.018,auto,30,0.006
family,counter,16,0,counter/16,classical,auto,1,,300,1,4,provable,proved,,ok,focus,MELL,41,16,0.280,404,129,35,1529,0,0,2048,0.000,0.024,auto,30,0.006
family,counter,16,0,counter/16,classical,auto,1,,300,2,4,provable,proved,,ok,focus,MELL,41,16,0.249,404,129,35,1529,0,0,2048,0.000,0.010,auto,30,0.006
family,counter,16,0,counter/16,intuitionistic,auto,1,,300,0,4,,proved,,ok,two-sided,IMELL,41,16,0.248,404,129,35,1529,0,0,2048,0.000,0.009,auto,30,0.007
family,counter,16,0,counter/16,intuitionistic,auto,1,,300,1,4,,proved,,ok,two-sided,IMELL,41,16,0.240,404,129,35,1529,0,0,2048,0.000,0.010,auto,30,0.006
family,counter,16,0,counter/16,intuitionistic,auto,1,,300,2,4,,proved,,ok,two-sided,IMELL,41,16,0.328,404,129,35,1529,0,0,2048,0.000,0.050,auto,30,0.007
family,counter-over,8,0,counter-over/8,classical,auto,1,,300,0,3,unprovable,unprovable,,,focus,MELL,29,8,0.102,64,9,16,245,0,0,2048,0.000,0.011,auto,30,
family,counter-over,8,0,counter-over/8,classical,auto,1,,300,1,3,unprovable,unprovable,,,focus,MELL,29,8,0.089,64,9,16,245,0,0,2048,0.000,0.009,auto,30,
family,counter-over,8,0,counter-over/8,classical,auto,1,,300,2,3,unprovable,unprovable,,,focus,MELL,29,8,0.088,64,9,16,245,0,0,2048,0.000,0.010,auto,30,
family,counter-over,8,0,counter-over/8,intuitionistic,auto,1,,300,0,3,,unprovable,,,two-sided,IMELL,29,8,0.090,64,9,16,245,0,0,2048,0.000,0.009,auto,30,
family,counter-over,8,0,counter-over/8,intuitionistic,auto,1,,300,1,3,,unprovable,,,two-sided,IMELL,29,8,0.103,64,9,16,245,0,0,2048,0.000,0.009,auto,30,
family,counter-over,8,0,counter-over/8,intuitionistic,auto,1,,300,2,3,,unprovable,,,two-sided,IMELL,29,8,0.089,64,9,16,245,0,0,2048,0.000,0.009,auto,30,
family,growing,16,0,growing/16,classical,auto,1,,300,0,16,unprovable,unknown,copy_bound,,focus,MELL,9,3,0.365,1396,435,61,900,0,0,2048,0.000,0.000,auto,30,
family,growing,16,0,growing/16,classical,auto,1,,300,1,16,unprovable,unknown,copy_bound,,focus,MELL,9,3,0.375,1396,435,61,900,0,0,2048,0.000,0.000,auto,30,
family,growing,16,0,growing/16,classical,auto,1,,300,2,16,unprovable,unknown,copy_bound,,focus,MELL,9,3,0.379,1396,435,61,900,0,0,2048,0.000,0.000,auto,30,
family,growing,64,0,growing/64,classical,auto,1,,300,0,64,unprovable,unknown,copy_bound,,focus,MELL,9,3,1.761,6241,2016,129,4096,0,0,2048,0.000,0.037,auto,30,
family,growing,64,0,growing/64,classical,auto,1,,300,1,64,unprovable,unknown,copy_bound,,focus,MELL,9,3,1.649,6241,2016,129,4096,0,0,2048,0.000,0.000,auto,30,
family,growing,64,0,growing/64,classical,auto,1,,300,2,64,unprovable,unknown,copy_bound,,focus,MELL,9,3,1.688,6241,2016,129,4096,0,0,2048,0.000,0.023,auto,30,
family,growing,256,0,growing/256,classical,auto,1,,300,0,256,unprovable,unknown,copy_bound,,focus,MELL,9,3,44.704,98689,32640,513,65536,0,0,2048,40.000,0.043,auto,30,
family,growing,256,0,growing/256,classical,auto,1,,300,1,256,unprovable,unknown,copy_bound,,focus,MELL,9,3,44.727,98689,32640,513,65536,0,0,2048,40.000,0.025,auto,30,
family,growing,256,0,growing/256,classical,auto,1,,300,2,256,unprovable,unknown,copy_bound,,focus,MELL,9,3,44.761,98689,32640,513,65536,0,0,2048,40.000,0.026,auto,30,
family,growing,1024,0,growing/1024,classical,auto,1,,300,0,1024,unprovable,unknown,recursion_limit,,focus,MELL,9,3,281.095,392961,130305,1023,261633,0,0,2048,270.000,0.155,auto,30,
family,growing,1024,0,growing/1024,classical,auto,1,,300,1,1024,unprovable,unknown,recursion_limit,,focus,MELL,9,3,280.893,392961,130305,1023,261633,0,0,2048,270.000,0.155,auto,30,
family,growing,1024,0,growing/1024,classical,auto,1,,300,2,1024,unprovable,unknown,recursion_limit,,focus,MELL,9,3,281.500,392961,130305,1023,261633,0,0,2048,280.000,0.157,auto,30,
family,chain,16,0,chain/16,classical,auto,1,,300,0,18,provable,proved,,ok,focus,LL,98,2,0.163,253,98,33,1817,0,0,2048,0.000,0.000,auto,30,0.007
family,chain,16,0,chain/16,classical,auto,1,,300,1,18,provable,proved,,ok,focus,LL,98,2,0.152,253,98,33,1817,0,0,2048,0.000,0.000,auto,30,0.004
family,chain,16,0,chain/16,classical,auto,1,,300,2,18,provable,proved,,ok,focus,LL,98,2,0.151,253,98,33,1817,0,0,2048,0.000,0.000,auto,30,0.004
family,chain,64,0,chain/64,classical,auto,1,,300,0,66,provable,proved,,ok,focus,LL,386,2,5.360,4069,1922,129,127073,0,0,2048,0.000,0.003,auto,30,0.011
family,chain,64,0,chain/64,classical,auto,1,,300,1,66,provable,proved,,ok,focus,LL,386,2,5.571,4069,1922,129,127073,0,0,2048,0.000,0.029,auto,30,0.011
family,chain,64,0,chain/64,classical,auto,1,,300,2,66,provable,proved,,ok,focus,LL,386,2,5.466,4069,1922,129,127073,0,0,2048,0.000,0.003,auto,30,0.011
family,chain,128,0,chain/128,classical,auto,1,,300,0,130,provable,proved,,ok,focus,LL,770,2,43.402,16325,7938,257,1032385,0,0,2048,40.000,0.029,auto,30,0.018
family,chain,128,0,chain/128,classical,auto,1,,300,1,130,provable,proved,,ok,focus,LL,770,2,43.639,16325,7938,257,1032385,0,0,2048,40.000,0.025,auto,30,0.020
family,chain,128,0,chain/128,classical,auto,1,,300,2,130,provable,proved,,ok,focus,LL,770,2,43.087,16325,7938,257,1032385,0,0,2048,40.000,0.026,auto,30,0.020
family,chain,256,0,chain/256,classical,auto,1,,300,0,258,provable,proved,,ok,focus,LL,1538,2,357.205,65413,32258,513,8323457,0,0,2048,350.000,0.197,auto,30,0.037
family,chain,256,0,chain/256,classical,auto,1,,300,1,258,provable,proved,,ok,focus,LL,1538,2,358.834,65413,32258,513,8323457,0,0,2048,350.000,0.184,auto,30,0.035
family,chain,256,0,chain/256,classical,auto,1,,300,2,258,provable,proved,,ok,focus,LL,1538,2,357.848,65413,32258,513,8323457,0,0,2048,350.000,0.176,auto,30,0.040
family,wide-m3,24,0,wide-m3/24,classical,auto,1,,300,0,3,provable,proved,,ok,focus,MLL,167,3,0.094,25,0,25,454,0,0,2048,0.000,0.000,auto,30,0.009
family,wide-m3,24,0,wide-m3/24,classical,auto,1,,300,1,3,provable,proved,,ok,focus,MLL,167,3,0.094,25,0,25,454,0,0,2048,0.000,0.000,auto,30,0.008
family,wide-m3,24,0,wide-m3/24,classical,auto,1,,300,2,3,provable,proved,,ok,focus,MLL,167,3,0.089,25,0,25,454,0,0,2048,0.000,0.000,auto,30,0.008
family,wide-m3,30,0,wide-m3/30,classical,auto,1,,300,0,3,provable,proved,,ok,focus,MLL,209,3,0.116,31,0,31,688,0,0,2048,0.000,0.000,auto,30,0.010
family,wide-m3,30,0,wide-m3/30,classical,auto,1,,300,1,3,provable,proved,,ok,focus,MLL,209,3,0.114,31,0,31,688,0,0,2048,0.000,0.000,auto,30,0.010
family,wide-m3,30,0,wide-m3/30,classical,auto,1,,300,2,3,provable,proved,,ok,focus,MLL,209,3,0.118,31,0,31,688,0,0,2048,0.000,0.000,auto,30,0.010
family,wide-m4,24,0,wide-m4/24,classical,auto,1,,300,0,3,provable,proved,,ok,focus,MLL,167,4,0.085,25,0,25,430,0,0,2048,0.000,0.000,auto,30,0.009
family,wide-m4,24,0,wide-m4/24,classical,auto,1,,300,1,3,provable,proved,,ok,focus,MLL,167,4,0.095,25,0,25,430,0,0,2048,0.000,0.000,auto,30,0.009
family,wide-m4,24,0,wide-m4/24,classical,auto,1,,300,2,3,provable,proved,,ok,focus,MLL,167,4,0.089,25,0,25,430,0,0,2048,0.000,0.000,auto,30,0.008
family,wide-m4,28,0,wide-m4/28,classical,auto,1,,300,0,3,provable,proved,,ok,focus,MLL,195,4,0.105,29,0,29,572,0,0,2048,0.000,0.000,auto,30,0.010
family,wide-m4,28,0,wide-m4/28,classical,auto,1,,300,1,3,provable,proved,,ok,focus,MLL,195,4,0.108,29,0,29,572,0,0,2048,0.000,0.000,auto,30,0.009
family,wide-m4,28,0,wide-m4/28,classical,auto,1,,300,2,3,provable,proved,,ok,focus,MLL,195,4,0.105,29,0,29,572,0,0,2048,0.000,0.000,auto,30,0.010
file,partition-table,,,partition-table/1-1,classical,auto,1,,300,0,3,provable,proved,,ok,net,MLL,28,2,0.034,15,0,0,0,20,20,2048,0.000,0.000,auto,30,0.004
file,partition-table,,,partition-table/1-1,classical,auto,1,,300,1,3,provable,proved,,ok,net,MLL,28,2,0.030,15,0,0,0,20,20,2048,0.000,0.000,auto,30,0.004
file,partition-table,,,partition-table/1-1,classical,auto,1,,300,2,3,provable,proved,,ok,net,MLL,28,2,0.032,15,0,0,0,20,20,2048,0.000,0.000,auto,30,0.004
file,partition-table,,,partition-table/1-3,classical,auto,1,,300,0,3,unprovable,unprovable,,,focus,MLL,44,4,0.030,13,4,9,59,0,0,2048,0.000,0.000,auto,30,
file,partition-table,,,partition-table/1-3,classical,auto,1,,300,1,3,unprovable,unprovable,,,focus,MLL,44,4,0.032,13,4,9,59,0,0,2048,0.000,0.000,auto,30,
file,partition-table,,,partition-table/1-3,classical,auto,1,,300,2,3,unprovable,unprovable,,,focus,MLL,44,4,0.030,13,4,9,59,0,0,2048,0.000,0.000,auto,30,
file,partition-table,,,partition-table/2-1-1,classical,auto,1,,300,0,3,provable,proved,,ok,focus,MLL,50,4,0.047,15,2,13,57,0,0,2048,0.000,0.000,auto,30,0.004
file,partition-table,,,partition-table/2-1-1,classical,auto,1,,300,1,3,provable,proved,,ok,focus,MLL,50,4,0.047,15,2,13,57,0,0,2048,0.000,0.000,auto,30,0.004
file,partition-table,,,partition-table/2-1-1,classical,auto,1,,300,2,3,provable,proved,,ok,focus,MLL,50,4,0.043,15,2,13,57,0,0,2048,0.000,0.000,auto,30,0.004
file,partition-table,,,partition-table/1-1-4,classical,auto,1,,300,0,3,unprovable,unprovable,,,focus,MLL,66,6,0.059,55,28,27,233,0,0,2048,0.000,0.000,auto,30,
file,partition-table,,,partition-table/1-1-4,classical,auto,1,,300,1,3,unprovable,unprovable,,,focus,MLL,66,6,0.054,55,28,27,233,0,0,2048,0.000,0.000,auto,30,
file,partition-table,,,partition-table/1-1-4,classical,auto,1,,300,2,3,unprovable,unprovable,,,focus,MLL,66,6,0.056,55,28,27,233,0,0,2048,0.000,0.000,auto,30,
file,partition-table,,,partition-table/2-2-1-1,classical,auto,1,,300,0,3,provable,proved,,ok,focus,MLL,72,6,0.061,28,7,21,124,0,0,2048,0.000,0.000,auto,30,0.005
file,partition-table,,,partition-table/2-2-1-1,classical,auto,1,,300,1,3,provable,proved,,ok,focus,MLL,72,6,0.062,28,7,21,124,0,0,2048,0.000,0.000,auto,30,0.005
file,partition-table,,,partition-table/2-2-1-1,classical,auto,1,,300,2,3,provable,proved,,ok,focus,MLL,72,6,0.059,28,7,21,124,0,0,2048,0.000,0.000,auto,30,0.005
file,partition-table,,,partition-table/1-2-5,classical,auto,1,,300,0,3,unprovable,unprovable,,,focus,MLL,82,8,0.060,55,28,27,251,0,0,2048,0.000,0.000,auto,30,
file,partition-table,,,partition-table/1-2-5,classical,auto,1,,300,1,3,unprovable,unprovable,,,focus,MLL,82,8,0.058,55,28,27,251,0,0,2048,0.000,0.000,auto,30,
file,partition-table,,,partition-table/1-2-5,classical,auto,1,,300,2,3,unprovable,unprovable,,,focus,MLL,82,8,0.058,55,28,27,251,0,0,2048,0.000,0.000,auto,30,
file,partition-table,,,partition-table/1-1-2-4,classical,auto,1,,300,0,3,provable,proved,,ok,focus,MLL,88,8,0.048,11,0,11,39,0,0,2048,0.000,0.000,auto,30,0.006
file,partition-table,,,partition-table/1-1-2-4,classical,auto,1,,300,1,3,provable,proved,,ok,focus,MLL,88,8,0.048,11,0,11,39,0,0,2048,0.000,0.000,auto,30,0.006
file,partition-table,,,partition-table/1-1-2-4,classical,auto,1,,300,2,3,provable,proved,,ok,focus,MLL,88,8,0.049,11,0,11,39,0,0,2048,0.000,0.000,auto,30,0.006
file,partition-table,,,partition-table/1-1-1-5,classical,auto,1,,300,0,3,unprovable,unprovable,,,focus,MLL,88,8,0.135,217,136,81,863,0,0,2048,0.000,0.000,auto,30,
file,partition-table,,,partition-table/1-1-1-5,classical,auto,1,,300,1,3,unprovable,unprovable,,,focus,MLL,88,8,0.133,217,136,81,863,0,0,2048,0.000,0.000,auto,30,
file,partition-table,,,partition-table/1-1-1-5,classical,auto,1,,300,2,3,unprovable,unprovable,,,focus,MLL,88,8,0.137,217,136,81,863,0,0,2048,0.000,0.000,auto,30,
file,partition-table,,,partition-table/2-3-2-1,classical,auto,1,,300,0,3,provable,proved,,ok,focus,MLL,88,8,0.064,28,7,21,132,0,0,2048,0.000,0.000,auto,30,0.005
file,partition-table,,,partition-table/2-3-2-1,classical,auto,1,,300,1,3,provable,proved,,ok,focus,MLL,88,8,0.064,28,7,21,132,0,0,2048,0.000,0.000,auto,30,0.005
file,partition-table,,,partition-table/2-3-2-1,classical,auto,1,,300,2,3,provable,proved,,ok,focus,MLL,88,8,0.065,28,7,21,132,0,0,2048,0.000,0.000,auto,30,0.005
file,partition-table,,,partition-table/3-3-3-1,classical,auto,1,,300,0,3,unprovable,unprovable,,,focus,MLL,104,10,0.143,217,136,81,939,0,0,2048,0.000,0.000,auto,30,
file,partition-table,,,partition-table/3-3-3-1,classical,auto,1,,300,1,3,unprovable,unprovable,,,focus,MLL,104,10,0.143,217,136,81,939,0,0,2048,0.000,0.000,auto,30,
file,partition-table,,,partition-table/3-3-3-1,classical,auto,1,,300,2,3,unprovable,unprovable,,,focus,MLL,104,10,0.144,217,136,81,939,0,0,2048,0.000,0.000,auto,30,
file,partition-table,,,partition-table/1-2-3-4-5-5,classical,auto,1,,300,0,3,provable,proved,,ok,focus,MLL,196,20,0.083,21,2,19,127,0,0,2048,0.000,0.000,auto,30,0.011
file,partition-table,,,partition-table/1-2-3-4-5-5,classical,auto,1,,300,1,3,provable,proved,,ok,focus,MLL,196,20,0.079,21,2,19,127,0,0,2048,0.000,0.000,auto,30,0.011
file,partition-table,,,partition-table/1-2-3-4-5-5,classical,auto,1,,300,2,3,provable,proved,,ok,focus,MLL,196,20,0.077,21,2,19,127,0,0,2048,0.000,0.000,auto,30,0.010
file,partition-table,,,partition-table/1-1-1-1-1-7,classical,auto,1,,300,0,3,unprovable,unprovable,,,focus,MLL,132,12,1.259,2917,2188,729,10691,0,0,2048,0.000,0.000,auto,30,
file,partition-table,,,partition-table/1-1-1-1-1-7,classical,auto,1,,300,1,3,unprovable,unprovable,,,focus,MLL,132,12,1.231,2917,2188,729,10691,0,0,2048,0.000,0.000,auto,30,
file,partition-table,,,partition-table/1-1-1-1-1-7,classical,auto,1,,300,2,3,unprovable,unprovable,,,focus,MLL,132,12,1.244,2917,2188,729,10691,0,0,2048,0.000,0.000,auto,30,
file,partition-table,,,partition-table/2-2-2-2-2-2-9-1,classical,auto,1,,300,0,3,provable,proved,,ok,focus,MLL,224,22,0.114,45,12,33,298,0,0,2048,0.000,0.000,auto,30,0.012
file,partition-table,,,partition-table/2-2-2-2-2-2-9-1,classical,auto,1,,300,1,3,provable,proved,,ok,focus,MLL,224,22,0.115,45,12,33,298,0,0,2048,0.000,0.000,auto,30,0.012
file,partition-table,,,partition-table/2-2-2-2-2-2-9-1,classical,auto,1,,300,2,3,provable,proved,,ok,focus,MLL,224,22,0.115,45,12,33,298,0,0,2048,0.000,0.000,auto,30,0.011
file,chain-over,,,chain-over/12,intuitionistic,auto,1,,300,0,3,unprovable,unknown,copy_bound,,two-sided,ILL,76,2,0.119,96,37,32,414,0,0,2048,0.000,0.002,auto,30,
file,chain-over,,,chain-over/12,intuitionistic,auto,1,,300,1,3,unprovable,unknown,copy_bound,,two-sided,ILL,76,2,0.120,96,37,32,414,0,0,2048,0.000,0.002,auto,30,
file,chain-over,,,chain-over/12,intuitionistic,auto,1,,300,2,3,unprovable,unknown,copy_bound,,two-sided,ILL,76,2,0.110,96,37,32,414,0,0,2048,0.000,0.002,auto,30,
file,cancellation,,,cancellation/3-partition-4,classical,auto,1,,300,0,3,provable,proved,,ok,focus,MALL,123,8,0.327,925,713,212,2794,0,0,2048,0.000,0.000,auto,30,0.001
file,cancellation,,,cancellation/3-partition-4,classical,auto,1,,300,1,3,provable,proved,,ok,focus,MALL,123,8,0.318,925,713,212,2794,0,0,2048,0.000,0.000,auto,30,0.001
file,cancellation,,,cancellation/3-partition-4,classical,auto,1,,300,2,3,provable,proved,,ok,focus,MALL,123,8,0.339,925,713,212,2794,0,0,2048,0.000,0.000,auto,30,0.001
