source,family,size,index,problem,mode,engine_requested,jobs,portfolio,test_period,timeout_s,run,copies,expected,verdict,reason,checked,engine,fragment,occurrences,multiplicity,time_ms,nodes,memo_hits,memo_entries,splits,links,tests,recursion_limit,cpu_ms,wait_ms,bias
family,3-partition-no,4,0,3-partition-no/4,classical,auto,1,false,,300,0,3,unprovable,unprovable,,,focus,MALL,99,8,0.290,923,713,210,2794,0,0,2048,0.000,0.000,auto
family,3-partition-no,4,0,3-partition-no/4,classical,auto,1,false,,300,1,3,unprovable,unprovable,,,focus,MALL,99,8,0.278,923,713,210,2794,0,0,2048,0.000,0.000,auto
family,3-partition-no,4,0,3-partition-no/4,classical,auto,1,false,,300,2,3,unprovable,unprovable,,,focus,MALL,99,8,0.284,923,713,210,2794,0,0,2048,0.000,0.000,auto
family,3-partition-no,5,0,3-partition-no/5,classical,auto,1,false,,300,0,3,unprovable,unprovable,,,focus,MALL,109,10,0.331,971,733,238,3294,0,0,2048,0.000,0.000,auto
family,3-partition-no,5,0,3-partition-no/5,classical,auto,1,false,,300,1,3,unprovable,unprovable,,,focus,MALL,109,10,0.337,971,733,238,3294,0,0,2048,0.000,0.000,auto
family,3-partition-no,5,0,3-partition-no/5,classical,auto,1,false,,300,2,3,unprovable,unprovable,,,focus,MALL,109,10,0.366,971,733,238,3294,0,0,2048,0.000,0.000,auto
family,partition-yes,5,0,partition-yes/5,classical,auto,1,false,,300,0,3,provable,proved,,ok,focus,MLL,126,12,0.068,30,7,23,157,0,0,2048,0.000,0.000,auto
family,partition-yes,5,0,partition-yes/5,classical,auto,1,false,,300,1,3,provable,proved,,ok,focus,MLL,126,12,0.071,30,7,23,157,0,0,2048,0.000,0.000,auto
family,partition-yes,5,0,partition-yes/5,classical,auto,1,false,,300,2,3,provable,proved,,ok,focus,MLL,126,12,0.068,30,7,23,157,0,0,2048,0.000,0.000,auto
family,partition-yes,6,0,partition-yes/6,classical,auto,1,false,,300,0,3,provable,proved,,ok,focus,MLL,164,16,0.116,93,42,51,542,0,0,2048,0.000,0.000,auto
family,partition-yes,6,0,partition-yes/6,classical,auto,1,false,,300,1,3,provable,proved,,ok,focus,MLL,164,16,0.119,93,42,51,542,0,0,2048,0.000,0.000,auto
family,partition-yes,6,0,partition-yes/6,classical,auto,1,false,,300,2,3,provable,proved,,ok,focus,MLL,164,16,0.121,93,42,51,542,0,0,2048,0.000,0.000,auto
family,partition-yes,7,0,partition-yes/7,classical,auto,1,false,,300,0,3,provable,proved,,ok,focus,MLL,266,28,0.194,178,97,81,1097,0,0,2048,0.000,0.000,auto
family,partition-yes,7,0,partition-yes/7,classical,auto,1,false,,300,1,3,provable,proved,,ok,focus,MLL,266,28,0.195,178,97,81,1097,0,0,2048,0.000,0.000,auto
family,partition-yes,7,0,partition-yes/7,classical,auto,1,false,,300,2,3,provable,proved,,ok,focus,MLL,266,28,0.205,178,97,81,1097,0,0,2048,0.000,0.000,auto
family,partition-no,4,0,partition-no/4,classical,auto,1,false,,300,0,3,unprovable,unprovable,,,focus,MLL,104,10,0.128,217,136,81,939,0,0,2048,0.000,0.000,auto
family,partition-no,4,0,partition-no/4,classical,auto,1,false,,300,1,3,unprovable,unprovable,,,focus,MLL,104,10,0.121,217,136,81,939,0,0,2048,0.000,0.000,auto
family,partition-no,4,0,partition-no/4,classical,auto,1,false,,300,2,3,unprovable,unprovable,,,focus,MLL,104,10,0.125,217,136,81,939,0,0,2048,0.000,0.000,auto
family,partition-no,5,0,partition-no/5,classical,auto,1,false,,300,0,3,unprovable,unprovable,,,focus,MLL,206,22,0.454,811,568,243,4161,0,0,2048,0.000,0.000,auto
family,partition-no,5,0,partition-no/5,classical,auto,1,false,,300,1,3,unprovable,unprovable,,,focus,MLL,206,22,0.466,811,568,243,4161,0,0,2048,0.000,0.000,auto
family,partition-no,5,0,partition-no/5,classical,auto,1,false,,300,2,3,unprovable,unprovable,,,focus,MLL,206,22,0.432,811,568,243,4161,0,0,2048,0.000,0.000,auto
family,mix,8,0,mix/8,mix,auto,1,false,,300,0,3,unprovable,unprovable,,,focus,MALL,80,1,2151.652,14316140,14283372,32768,51741261,0,0,2048,2130.000,2.232,auto
family,mix,8,0,mix/8,mix,auto,1,false,,300,1,3,unprovable,unprovable,,,focus,MALL,80,1,2125.208,14316140,14283372,32768,51741261,0,0,2048,2110.000,1.983,auto
family,mix,8,0,mix/8,mix,auto,1,false,,300,2,3,unprovable,unprovable,,,focus,MALL,80,1,2112.414,14316140,14283372,32768,51741261,0,0,2048,2100.000,1.649,auto
family,mix,9,0,mix/9,mix,auto,1,false,,300,0,3,unprovable,unprovable,,,focus,MALL,90,1,19748.063,129009092,128878020,131072,465310909,0,0,2048,19680.000,18.469,auto
family,mix,10,0,mix/10,mix,auto,1,false,,300,0,3,unprovable,unprovable,,,focus,MALL,100,1,211581.919,1161737180,1161212892,524288,4186028717,0,0,2048,210910.000,232.427,auto
family,mix,11,0,mix/11,mix,auto,1,false,,300,0,3,unprovable,unknown,timeout,,focus,MALL,110,1,300048.086,1626521345,1625784440,736902,5863935235,0,0,2048,299160.000,317.456,auto
lltp,ILL/petri-nets/MCC,,,AirplaneLD-pt-0010_20_1.p,intuitionistic,auto,1,false,,5,0,3,provable,unknown,timeout,,two-sided,IMELL,812,25,5002.343,1,0,0,275245050,0,0,2048,4990.000,3.870,auto
lltp,ILL/petri-nets/MCC,,,BridgeAndVehicles-V10-P10-N10-unfolded_1_1.p,intuitionistic,auto,1,false,,5,0,3,provable,unknown,timeout,,two-sided,IMELL,4386,223,5005.821,1,0,0,100695922,0,0,2048,4990.000,3.477,auto
lltp,ILL/petri-nets/MCC,,,ClientsAndServers-0001-0_20_1.p,intuitionistic,auto,1,false,,5,0,3,provable,unknown,timeout,,two-sided,IMELL,182,9,5000.016,31338050,31338022,26,117177421,0,0,2048,4980.000,4.126,auto
lltp,ILL/petri-nets/MCC,,,CloudDeployment_deploy_4_a_5_1.p,intuitionistic,auto,1,false,,5,0,3,provable,unknown,timeout,,two-sided,IMELL,5350,158,5000.055,10815717,10815432,280,45989177,0,0,2048,4990.000,3.351,auto
lltp,ILL/petri-nets/MCC,,,DES_des_30_a_10_1.p,intuitionistic,auto,1,false,,5,0,3,provable,unknown,timeout,,two-sided,IMELL,1946,35,5001.183,3,0,1,239788732,0,0,2048,4990.000,3.901,auto
lltp,ILL/petri-nets/MCC,,,DLCround_dlcro_03_b_50_1.p,intuitionistic,auto,1,false,,5,0,3,provable,unknown,timeout,,two-sided,IMELL,9632,11,5002.660,5298572,5285267,9992,16142146,0,0,2048,4990.000,4.349,auto
lltp,ILL/petri-nets/MCC,,,DNAwalker_dnawalk-10_1_1.p,intuitionistic,auto,1,false,,5,0,3,provable,unknown,timeout,,two-sided,IMELL,2608,59,5004.718,1,0,0,186748504,0,0,2048,4990.000,4.445,auto
lltp,ILL/petri-nets/MCC,,,Dekker_dekker-10_5_1.p,intuitionistic,auto,1,false,,5,0,3,provable,unknown,timeout,,two-sided,IMELL,1718,20,5000.360,1,0,0,305152712,0,0,2048,4980.000,3.424,auto
lltp,ILL/petri-nets/MCC,,,Eratosthenes_eratosthenes-050_5_1.p,intuitionistic,auto,1,false,,5,0,3,provable,unknown,timeout,,two-sided,IMELL,832,25,5001.607,1,0,0,168459342,0,0,2048,4990.000,3.980,auto
lltp,ILL/petri-nets/MCC,,,FMS-10_10_1.p,intuitionistic,auto,1,false,,5,0,3,provable,unknown,timeout,,two-sided,IMELL,242,12,5002.455,386,381,4,257801195,0,0,2048,4990.000,3.350,auto
lltp,ILL/petri-nets/MCC,,,HexagonalGrid_hxg_126_5_1.p,intuitionistic,auto,1,false,,5,0,3,provable,unknown,timeout,,two-sided,IMELL,454,38,5005.507,1,0,0,253280986,0,0,2048,4990.000,3.861,auto
lltp,ILL/petri-nets/MCC,,,IOTPpurchase_IOTP_c1m1p1d1_20_1.p,intuitionistic,auto,1,false,,5,0,3,provable,unknown,timeout,,two-sided,IMELL,522,2,5000.060,49815169,49814134,1031,110367865,0,0,2048,4980.000,3.501,auto
lltp,ILL/petri-nets/MCC,,,LamportFastMutEx_lamport_fmea-4_10_1.p,intuitionistic,auto,1,false,,5,0,3,provable,unknown,timeout,,two-sided,IMELL,2018,46,5011.092,27235513,27154960,79665,69693990,0,0,2048,4980.000,4.799,auto
lltp,ILL/petri-nets/MCC,,,NeighborGrid_z_4d_3n_2m_c_2_3_20_1.p,intuitionistic,auto,1,false,,5,0,3,provable,unknown,timeout,,two-sided,IMELL,7174,58,5000.040,160542,160520,20,239673294,0,0,2048,4980.000,4.305,auto
lltp,ILL/petri-nets/MCC,,,ParamProductionCell_open_system_0_20_1.p,intuitionistic,auto,1,false,,5,0,3,provable,unknown,timeout,,two-sided,IMELL,1582,16,5003.078,1,0,0,362997195,0,0,2048,4990.000,4.438,auto
lltp,ILL/petri-nets/MCC,,,Peterson-4_50_1.p,intuitionistic,auto,1,false,,5,0,3,provable,unknown,timeout,,two-sided,IMELL,4294,18,5000.022,11032553,11032428,123,58987124,0,0,2048,4980.000,3.543,auto
lltp,ILL/petri-nets/MCC,,,PolyORBLF_PolyORB-LF-S02-J04-T06-unfolded_10_1.p,intuitionistic,auto,1,false,,5,0,3,provable,unknown,timeout,,two-sided,IMELL,14714,1214,5004.199,1,0,0,74658846,0,0,2048,4990.000,3.911,auto
lltp,ILL/petri-nets/MCC,,,QuasiCertifProtocol_QCertifProtocol_10-unfold_20_1.p,intuitionistic,auto,1,false,,5,0,3,provable,unknown,timeout,,two-sided,IMELL,2698,77,5014.496,1,0,0,58314106,0,0,2048,5000.000,3.501,auto
lltp,ILL/petri-nets/MCC,,,Railroad_railroad-010-pt_20_1.p,intuitionistic,auto,1,false,,5,0,3,provable,unknown,timeout,,two-sided,IMELL,1894,121,5003.853,1,0,0,292383050,0,0,2048,4990.000,4.229,auto
lltp,ILL/petri-nets/MCC,,,ResAllocation_RAS-R-10_10_1.p,intuitionistic,auto,1,false,,5,0,3,provable,unknown,timeout,,two-sided,IMELL,272,3,5038.674,5215964,3850079,1048576,242812483,0,0,2048,5010.000,4.862,auto
lltp,ILL/petri-nets/MCC,,,SafeBus-03-unfolded_20_1.p,intuitionistic,auto,1,false,,5,0,3,provable,unknown,timeout,,two-sided,IMELL,1126,43,5000.689,32743507,32739472,4033,70454958,0,0,2048,4980.000,8.429,auto
lltp,ILL/petri-nets/MCC,,,SmallOperatingSystem-MT0032DC0008_1_1.p,intuitionistic,auto,1,false,,5,0,3,provable,unknown,timeout,,two-sided,IMELL,400,34,5000.013,31476974,31476947,25,97673420,0,0,2048,4980.000,7.079,auto
lltp,ILL/petri-nets/MCC,,,TCPcondis_tcp15_20_1.p,intuitionistic,auto,1,false,,5,0,3,provable,unknown,timeout,,two-sided,IMELL,370,17,5006.377,5618377,5618364,12,225564525,0,0,2048,4990.000,5.693,auto
lltp,ILL/petri-nets/MCC,,,TokenRing-10-unfolded_100_1.p,intuitionistic,auto,1,false,,5,0,3,provable,unknown,timeout,,two-sided,IMELL,8930,21,5000.043,9538694,9538565,127,26980509,0,0,2048,4980.000,4.204,auto
lltp,ILL/ILLTP-SYJ-01,,,SYJ201+1.007.p,intuitionistic,auto,1,false,,5,0,3,provable,unknown,copy_bound,,two-sided,ILL,1138,17,6.833,18130,9480,6724,11565,0,0,2048,0.000,0.015,auto
lltp,ILL/ILLTP-SYJ-01,,,SYJ203+1.016.p,intuitionistic,auto,1,false,,5,0,3,provable,unknown,copy_bound,,two-sided,ILL,180,17,3.190,12930,2092,7469,904,0,0,2048,0.000,0.003,auto
lltp,ILL/ILLTP-SYJ-01,,,SYJ205+1.013.p,intuitionistic,auto,1,false,,5,0,3,provable,unknown,copy_bound,,two-sided,ILL,356,2,0.043,52,18,17,5,0,0,2048,0.000,0.000,auto
lltp,ILL/ILLTP-SYJ-01,,,SYJ207+1.018.p,intuitionistic,auto,1,false,,5,0,3,,unknown,copy_bound,,two-sided,ILL,5770,38,264.614,213294,122979,79641,148392,0,0,2048,250.000,0.272,auto
lltp,ILL/ILLTP-SYJ-01,,,SYJ210+1.006.p,intuitionistic,auto,1,false,,5,0,3,unprovable,unknown,copy_bound,,two-sided,ILL,71,2,0.059,199,141,23,183,0,0,2048,0.000,0.000,auto
lltp,ILL/ILLTP-SYJ-01,,,SYJ212+1.002.p,intuitionistic,auto,1,false,,5,0,3,unprovable,unknown,copy_bound,,two-sided,ILL,82,4,0.062,124,33,37,43,0,0,2048,0.000,0.000,auto
lltp,ILL/ILLTP-SYJ-cbn,,,SYJ201+1.019.p,intuitionistic,auto,1,false,,5,0,3,provable,unknown,copy_bound,,two-sided,ILL,3548,41,76.354,65564,30498,33464,62478,0,0,2048,70.000,0.093,auto
lltp,ILL/ILLTP-SYJ-cbn,,,SYJ204+1.010.p,intuitionistic,auto,1,false,,5,0,3,provable,unknown,copy_bound,,two-sided,IMELL,83,2,0.053,219,184,13,215,0,0,2048,0.000,0.000,auto
lltp,ILL/ILLTP-SYJ-cbn,,,SYJ206+1.009.p,intuitionistic,auto,1,false,,5,0,3,provable,unknown,copy_bound,,two-sided,ILL,8169,512,6.079,7678,5175,2237,3685,0,0,2048,0.000,0.005,auto
lltp,ILL/ILLTP-SYJ-cbn,,,SYJ209+1.004.p,intuitionistic,auto,1,false,,5,0,3,unprovable,unknown,copy_bound,,two-sided,ILL,46,4,0.078,222,56,64,43,0,0,2048,0.000,0.000,auto
lltp,ILL/ILLTP-SYJ-cbn,,,SYJ210+1.020.p,intuitionistic,auto,1,false,,5,0,3,unprovable,unknown,copy_bound,,two-sided,ILL,169,2,0.201,1349,1241,43,1345,0,0,2048,0.000,0.000,auto
lltp,ILL/ILLTP-SYJ-cbv,,,SYJ201+1.019.p,intuitionistic,auto,1,false,,5,0,3,provable,unknown,copy_bound,,two-sided,IMELL,5225,41,225.571,166229,96097,66928,259042,0,0,2048,220.000,0.226,auto
lltp,ILL/ILLTP-SYJ-cbv,,,SYJ204+1.017.p,intuitionistic,auto,1,false,,5,0,3,provable,unknown,copy_bound,,two-sided,IMELL,174,2,0.176,1077,959,59,1042,0,0,2048,0.000,0.000,auto
lltp,ILL/ILLTP-SYJ-cbv,,,SYJ207+1.004.p,intuitionistic,auto,1,false,,5,0,3,unprovable,unknown,copy_bound,,two-sided,ILL,336,10,0.702,2147,1140,838,3092,0,0,2048,0.000,0.000,auto
lltp,ILL/ILLTP-SYJ-cbv,,,SYJ209+1.014.p,intuitionistic,auto,1,false,,5,0,3,,unknown,copy_bound,,two-sided,ILL,151,14,1.394,8305,4978,2903,926,0,0,2048,0.000,0.000,auto
lltp,ILL/ILLTP-SYJ-cbv,,,SYJ212+1.010.p,intuitionistic,auto,1,false,,5,0,3,unprovable,unknown,copy_bound,,two-sided,ILL,27105,1024,69.455,17785,10496,5045,11672,0,0,2048,60.000,0.058,auto
lltp,ILL/KLE-01,,,KLE058+1.p,intuitionistic,auto,1,false,,5,0,3,provable,unknown,copy_bound,,two-sided,ILL,33,2,0.032,38,11,12,12,0,0,2048,0.000,0.000,auto
lltp,ILL/KLE-IMP-CONJ,,,KLE_26_01.p,intuitionistic,auto,1,false,,5,0,3,provable,unknown,copy_bound,,two-sided,ILL,74,2,0.050,100,36,27,39,0,0,2048,0.000,0.000,auto
lltp,ILL/KLE-IMP-CONJ,,,KLE_57_CBV.p,intuitionistic,auto,1,false,,5,0,3,provable,unknown,copy_bound,,two-sided,ILL,51,2,0.039,75,30,20,58,0,0,2048,0.000,0.000,auto
lltp,ILL/KLE-cbn,,,KLE084+1.p,intuitionistic,auto,1,false,,5,0,3,provable,unknown,copy_bound,,two-sided,ILL,193,8,0.053,89,35,37,76,0,0,2048,0.000,0.000,auto
lltp,ILL/petri-nets/MCC,,,AutoFlight_afcs_03_b_5_1.p,intuitionistic,auto,1,false,,5,0,3,provable,unknown,copy_bound,,two-sided,IMELL,1392,6,6.885,12132,11780,156,79488,0,0,2048,0.000,0.036,auto
lltp,ILL/petri-nets/MCC,,,DES_des_01_b_10_1.p,intuitionistic,auto,1,false,,5,0,3,provable,unknown,copy_bound,,two-sided,IMELL,1384,6,22.698,59349,58264,764,240388,0,0,2048,20.000,0.018,auto
lltp,ILL/petri-nets/MCC,,,DES_des_50_b_20_1.p,intuitionistic,auto,1,false,,5,0,3,provable,unknown,copy_bound,,two-sided,IMELL,2968,51,32.695,31973,30893,758,474500,0,0,2048,30.000,0.098,auto
lltp,ILL/petri-nets/MCC,,,IBM319_5_1.p,intuitionistic,auto,1,false,,5,0,3,provable,unknown,copy_bound,,two-sided,IMELL,1056,4,104.153,369412,364995,3035,912868,0,0,2048,100.000,0.075,auto
lltp,ILL/ILLTP-SYJ-01,,,SYJ208+1.015.p,intuitionistic,auto,1,false,,5,0,3,unprovable,unknown,recursion_limit,,two-sided,ILL,13653,30,14.729,1532,0,1020,0,0,0,2048,10.000,0.019,auto
lltp,ILL/ILLTP-SYJ-cbv,,,SYJ208+1.016.p,intuitionistic,auto,1,false,,5,0,3,unprovable,unknown,recursion_limit,,two-sided,ILL,13956,32,6.008,2026,0,2025,2026,0,0,2048,10.000,0.010,auto
lltp,ILL/petri-nets/MCC,,,AutoFlight_afcs_96_b_1_1.p,intuitionistic,auto,1,false,,5,0,3,provable,proved,,ok,two-sided,IMELL,36402,104,2.169,2,0,1,1,0,0,2048,0.000,0.002,auto
lltp,ILL/petri-nets/MCC,,,BridgeAndVehicles-V50-P20-N20-unfolded_5_1.p,intuitionistic,auto,1,false,,5,0,3,provable,unknown,timeout,,two-sided,IMELL,36826,2103,5097.694,1,0,0,13967799,0,0,2048,5080.000,7.408,auto
lltp,ILL/petri-nets/MCC,,,BridgeAndVehicles-V80-P20-N50-unfolded_1_1.p,intuitionistic,auto,1,false,,5,0,3,provable,unknown,timeout,,two-sided,IMELL,135826,8163,5072.900,1,0,0,3997805,0,0,2048,5060.000,7.982,auto
lltp,ILL/petri-nets/MCC,,,CloudDeployment_deploy_5_b_100_1.p,intuitionistic,auto,1,false,,5,0,3,provable,unknown,timeout,,two-sided,IMELL,51588,1024,5007.631,615064,606699,8339,5183246,0,0,2048,4990.000,3.902,auto
lltp,ILL/petri-nets/MCC,,,CloudReconfiguration_reconf_3_04_20_1.p,intuitionistic,auto,1,false,,5,0,3,provable,unknown,copy_bound,,two-sided,IMELL,12926,129,4605.195,3418330,3412072,2745,14623264,0,0,2048,4590.000,6.185,auto
lltp,ILL/petri-nets/MCC,,,CloudReconfiguration_reconf_3_10_100_1.p,intuitionistic,auto,1,false,,5,0,3,provable,unknown,copy_bound,,two-sided,IMELL,12936,129,4563.251,3398658,3392423,2736,14572852,0,0,2048,4540.000,5.335,auto
lltp,ILL/petri-nets/MCC,,,CloudReconfiguration_reconf_3_15_20_1.p,intuitionistic,auto,1,false,,5,0,3,provable,unknown,copy_bound,,two-sided,IMELL,12934,129,4616.264,3418330,3412072,2745,14626777,0,0,2048,4590.000,4.661,auto
lltp,ILL/petri-nets/MCC,,,CloudReconfiguration_reconf_4_01_100_1.p,intuitionistic,auto,1,false,,5,0,3,provable,unknown,timeout,,two-sided,IMELL,17788,172,5001.692,2869507,2863629,3773,12077609,0,0,2048,4980.000,6.215,auto
lltp,ILL/petri-nets/MCC,,,DLCround_dlcro_07_b_5_1.p,intuitionistic,auto,1,false,,5,0,3,provable,unknown,timeout,,two-sided,IMELL,22152,15,5001.845,1803833,1799474,3194,6370720,0,0,2048,4970.000,5.256,auto
lltp,ILL/petri-nets/MCC,,,DLCround_dlcro_12_a_1_1.p,intuitionistic,auto,1,false,,5,0,3,provable,unknown,timeout,,two-sided,IMELL,27214,69,5021.704,3,0,1,68355900,0,0,2048,5010.000,4.310,auto
lltp,ILL/petri-nets/MCC,,,DLCshifumi_dlcsh_4_a_100_1.p,intuitionistic,auto,1,false,,5,0,3,provable,unknown,timeout,,two-sided,IMELL,58602,317,5076.437,111049,1,111044,237863,0,0,2048,5050.000,4.342,auto
lltp,ILL/petri-nets/MCC,,,Diffusion2D_2D8_gradient_20x20_100_5_1.p,intuitionistic,auto,1,false,,5,0,3,provable,proved,,ok,two-sided,IMELL,12254,108,4826.081,224,199,22,206755696,0,0,2048,4820.000,5.496,auto
lltp,ILL/petri-nets/MCC,,,Diffusion2D_2D8_gradient_40x40_50_5_1.p,intuitionistic,auto,1,false,,5,0,3,provable,proved,,ok,two-sided,IMELL,49494,58,247.551,224,199,22,7936661,0,0,2048,240.000,0.145,auto
lltp,ILL/petri-nets/MCC,,,Echo_echo-d5r3_5_1.p,intuitionistic,auto,1,false,,5,0,3,provable,unknown,timeout,,two-sided,IMELL,57846,10,5005.921,2,0,1,115986320,0,0,2048,4990.000,4.634,auto
lltp,ILL/petri-nets/MCC,,,FlexibleBarrier_flexbar_18_b_5_1.p,intuitionistic,auto,1,false,,5,0,3,provable,unknown,timeout,,two-sided,IMELL,25322,325,5002.145,1165153,1160462,3629,9833304,0,0,2048,4980.000,7.458,auto
lltp,ILL/petri-nets/MCC,,,HypercubeGrid_hc3k4p4b12_5_1.p,intuitionistic,auto,1,false,,5,0,3,provable,unknown,timeout,,two-sided,IMELL,30334,43,5026.097,1,0,0,73687655,0,0,2048,5020.000,4.843,auto
lltp,ILL/petri-nets/MCC,,,NeoElection_neoelection-7.unf_10_1.p,intuitionistic,auto,1,false,,5,0,3,provable,unknown,timeout,,two-sided,IMELL,164394,2072,5014.915,1,0,0,5038181,0,0,2048,5000.000,5.323,auto
lltp,ILL/petri-nets/MCC,,,Philosophers-1000_1_1.p,intuitionistic,auto,1,false,,5,0,3,provable,unknown,timeout,,two-sided,IMELL,39996,5,5482.946,400,398,1,720896,0,0,2048,5460.000,6.856,auto
lltp,ILL/petri-nets/MCC,,,PolyORBLF_PolyORB-LF-S04-J04-T08-unfolded_5_1.p,intuitionistic,auto,1,false,,5,0,3,provable,unknown,timeout,,two-sided,IMELL,115596,17188,5015.660,1,0,0,17993569,0,0,2048,5000.000,6.610,auto
lltp,ILL/petri-nets/MCC,,,Railroad_railroad-050-pt_50_1.p,intuitionistic,auto,1,false,,5,0,3,provable,unknown,timeout,,two-sided,IMELL,33174,2601,5017.208,1,0,0,128299398,0,0,2048,5000.000,6.543,auto
lltp,ILL/petri-nets/MCC,,,RwMutex_rwmutex-r2000w10_1_1.p,intuitionistic,auto,1,false,,5,0,3,provable,proved,,ok,two-sided,IMELL,120116,12,1079.031,4,0,2,8018,0,0,2048,1080.000,0.567,auto
lltp,ILL/petri-nets/MCC,,,SmallOperatingSystem-MT2048DC1024_1_1.p,intuitionistic,auto,1,false,,5,0,3,provable,unknown,timeout,,two-sided,IMELL,28720,2050,5002.293,1,0,0,445552773,0,0,2048,4990.000,5.235,auto
lltp,ILL/petri-nets/MCC,,,Angiogenesis_angiogenesis-15_20_1.p,intuitionistic,auto,1,false,,5,0,3,provable,unknown,timeout,,two-sided,IMELL,818,24,5008.074,1,0,0,195970785,0,0,2048,4990.000,5.509,auto
lltp,ILL/petri-nets/MCC,,,AutoFlight_afcs_48_a_50_1.p,intuitionistic,auto,1,false,,5,0,3,provable,unknown,timeout,,two-sided,IMELL,7430,53,5306.944,999320,1,999315,1999777,0,0,2048,5280.000,6.083,auto
lltp,ILL/petri-nets/MCC,,,CircadianClock_circadian_clock-001000_1_1.p,intuitionistic,auto,1,false,,5,0,3,provable,unknown,timeout,,two-sided,IMELL,20122,1004,5000.239,1,0,0,19960216,0,0,2048,4980.000,6.837,auto
lltp,ILL/petri-nets/MCC,,,ClientsAndServers-0010-1_100_1.p,intuitionistic,auto,1,false,,5,0,3,provable,unknown,timeout,,two-sided,IMELL,926,81,5004.550,1,0,0,166959261,0,0,2048,4990.000,5.281,auto
lltp,ILL/petri-nets/MCC,,,ClientsAndServers-0020-3_50_1.p,intuitionistic,auto,1,false,,5,0,3,provable,unknown,timeout,,two-sided,IMELL,1626,161,5009.903,1,0,0,94377365,0,0,2048,4990.000,6.771,auto
lltp,ILL/petri-nets/MCC,,,Diffusion2D_2D8_gradient_5x5_150_20_1.p,intuitionistic,auto,1,false,,5,0,3,provable,proved,,ok,two-sided,IMELL,1174,158,1.252,490,11,474,36365,0,0,2048,0.000,0.002,auto
lltp,ILL/petri-nets/MCC,,,ERK_erk-001000_1_1.p,intuitionistic,auto,1,false,,5,0,3,provable,proved,,ok,two-sided,IMELL,20064,1002,2.832,8,0,6,10005,0,0,2048,0.000,0.002,auto
lltp,ILL/petri-nets/MCC,,,Echo_echo-d2r9_100_1.p,intuitionistic,auto,1,false,,5,0,3,provable,unknown,timeout,,two-sided,IMELL,6910,5,5004.029,3,0,2,290568164,0,0,2048,4980.000,5.934,auto
lltp,ILL/petri-nets/MCC,,,GPPP_G-PPP-1-1000_50_1.p,intuitionistic,auto,1,false,,5,0,3,provable,unknown,timeout,,two-sided,IMELL,36348,4005,5022.824,1,0,0,65688477,0,0,2048,5010.000,5.916,auto
lltp,ILL/petri-nets/MCC,,,GPPP_G-PPP-100-1000_100_1.p,intuitionistic,auto,1,false,,5,0,3,provable,unknown,timeout,,two-sided,IMELL,55752,4680,5002.387,2,0,1,487653882,0,0,2048,4980.000,5.525,auto
lltp,ILL/petri-nets/MCC,,,HouseConstruction-100_5_1.p,intuitionistic,auto,1,false,,5,0,3,provable,proved,,ok,two-sided,IMELL,502,100,13.402,160,29,119,563781,0,0,2048,10.000,0.013,auto
lltp,ILL/petri-nets/MCC,,,JoinFreeModules_joinFree-10_50_1.p,intuitionistic,auto,1,false,,5,0,3,provable,unknown,timeout,,two-sided,IMELL,1926,23,5000.240,22624210,22622010,2198,90105313,0,0,2048,4980.000,6.273,auto
lltp,ILL/petri-nets/MCC,,,Kanban-500_50_1.p,intuitionistic,auto,1,false,,5,0,3,provable,unknown,timeout,,two-sided,IMELL,8078,501,5035.379,1,0,0,37639354,0,0,2048,5010.000,7.348,auto
lltp,ILL/petri-nets/MCC,,,MAPK-80_20_1.p,intuitionistic,auto,1,false,,5,0,3,provable,unknown,timeout,,two-sided,IMELL,1618,82,5118.257,2566161,0,1048576,105574660,0,0,2048,5090.000,6.151,auto
lltp,ILL/petri-nets/MCC,,,PermAdmissibility_unf-8x8-4stageSEN-50_10_1.p,intuitionistic,auto,1,false,,5,0,3,provable,unknown,timeout,,two-sided,IMELL,8774,64,5019.065,1,0,0,32096629,0,0,2048,5000.000,5.363,auto
lltp,ILL/petri-nets/MCC,,,Planning_planning_5_1.p,intuitionistic,auto,1,false,,5,0,3,provable,unknown,timeout,,two-sided,IMELL,1568,17,5002.892,3,0,1,323511998,0,0,2048,4980.000,6.166,auto
lltp,ILL/petri-nets/MCC,,,QuasiCertifProtocol_QCertifProtocol_32-unfold_20_1.p,intuitionistic,auto,1,false,,5,0,3,provable,unknown,timeout,,two-sided,IMELL,16716,231,5055.029,1,0,0,5188896,0,0,2048,5040.000,6.205,auto
lltp,ILL/petri-nets/MCC,,,ResAllocation_RAS-C-50_100_1.p,intuitionistic,auto,1,false,,5,0,3,provable,unknown,timeout,,two-sided,IMELL,2240,3,5000.037,1817562,1817545,15,36856161,0,0,2048,4980.000,7.032,auto
lltp,ILL/petri-nets/MCC,,,RobotManipulation_robot-manipulation-500_10_1.p,intuitionistic,auto,1,false,,5,0,3,provable,unknown,timeout,,two-sided,IMELL,12068,1002,5003.156,1,0,0,183863604,0,0,2048,4980.000,7.588,auto
lltp,ILL/petri-nets/MCC,,,SmallOperatingSystem-MT0064DC0016_1_1.p,intuitionistic,auto,1,false,,5,0,3,provable,unknown,timeout,,two-sided,IMELL,752,66,5000.019,18836347,18836330,15,104737405,0,0,2048,4980.000,6.594,auto
lltp,ILL/petri-nets/MCC,,,SmallOperatingSystem-MT0512DC0128_1_1.p,intuitionistic,auto,1,false,,5,0,3,provable,unknown,timeout,,two-sided,IMELL,5680,514,5002.980,1,0,0,388335664,0,0,2048,4990.000,5.966,auto
lltp,ILL/petri-nets/MCC,,,Solitaire_soli2_counter_20_1.p,intuitionistic,auto,1,false,,5,0,3,provable,unknown,timeout,,two-sided,IMELL,1538,108,5000.639,1,0,0,187698346,0,0,2048,4980.000,5.006,auto
lltp,ILL/petri-nets/MCC,,,SwimmingPool-4_10_1.p,intuitionistic,auto,1,false,,5,0,3,provable,unknown,timeout,,two-sided,IMELL,758,81,5005.926,1,0,0,197138197,0,0,2048,4990.000,4.027,auto
lltp,ILL/petri-nets/MCC,,,SwimmingPool-9_5_1.p,intuitionistic,auto,1,false,,5,0,3,provable,unknown,timeout,,two-sided,IMELL,1658,181,5002.990,1,0,0,203142715,0,0,2048,4990.000,3.978,auto
lltp,ILL/petri-nets/MCC,,,AutoFlight_afcs_05_a_1_1.p,intuitionistic,auto,1,false,,5,0,3,provable,unknown,timeout,,two-sided,IMELL,906,8,5000.398,3,0,1,367310329,0,0,2048,4980.000,4.034,auto
lltp,ILL/petri-nets/MCC,,,ClientsAndServers-0005-0_1_1.p,intuitionistic,auto,1,false,,5,0,3,provable,proved,,ok,two-sided,IMELL,448,41,0.179,12,1,9,7917,0,0,2048,0.000,0.000,auto
lltp,ILL/petri-nets/MCC,,,DES_des_00_a_20_1.p,intuitionistic,auto,1,false,,5,0,3,provable,unknown,timeout,,two-sided,IMELL,832,7,5002.924,35,8,24,319076354,0,0,2048,4990.000,3.387,auto
lltp,ILL/petri-nets/MCC,,,IOTPpurchase_IOTP_c5m4p3d2_1_1.p,intuitionistic,auto,1,false,,5,0,3,provable,proved,,ok,two-sided,IMELL,554,6,0.094,4,0,2,53,0,0,2048,0.000,0.000,auto
lltp,ILL/petri-nets/MCC,,,Parking_parking_2_8_5_1.p,intuitionistic,auto,1,false,,5,0,3,provable,unknown,timeout,,two-sided,IMELL,1250,11,5001.606,76,4,68,353820699,0,0,2048,4980.000,4.004,auto
lltp,ILL/petri-nets/MCC,,,PermAdmissibility_unf-8x8-4stageSEN-05_100_1.p,intuitionistic,auto,1,false,,5,0,3,provable,unknown,timeout,,two-sided,IMELL,7144,64,5003.632,6,0,5,301224106,0,0,2048,4990.000,3.464,auto
lltp,ILL/petri-nets/MCC,,,PhaseVariation_5-10_phaseVariation_50_1.p,intuitionistic,auto,1,false,,5,0,3,provable,unknown,timeout,,two-sided,IMELL,9658,687,5014.555,2,0,1,64669692,0,0,2048,5000.000,3.768,auto
lltp,ILL/petri-nets/MCC,,,ResAllocation_RAS-R-15_10_1.p,intuitionistic,auto,1,false,,5,0,3,provable,unknown,timeout,,two-sided,IMELL,410,3,5043.730,5784322,132619,1048576,73933522,0,0,2048,5020.000,5.311,auto
lltp,ILL/petri-nets/MCC,,,RobotManipulation_robot-manipulation-5_1_1.p,intuitionistic,auto,1,false,,5,0,3,provable,proved,,ok,two-sided,IMELL,192,12,0.823,1332,2,1328,19596,0,0,2048,0.000,0.000,auto
lltp,ILL/petri-nets/MCC,,,RwMutex_rwmutex-r10w100_1_1.p,intuitionistic,auto,1,false,,5,0,3,provable,proved,,ok,two-sided,IMELL,5378,102,1.514,4,0,2,229,0,0,2048,0.000,0.002,auto
lltp,ILL/petri-nets/MCC,,,SafeBus-10-unfolded_1_1.p,intuitionistic,auto,1,false,,5,0,3,provable,unknown,timeout,,two-sided,IMELL,22868,1191,5020.324,2,0,1,92364261,0,0,2048,5010.000,7.164,auto
lltp,ILL/petri-nets/MCC,,,SimpleLoadBal_simple_lbs-15_50_1.p,intuitionistic,auto,1,false,,5,0,3,provable,unknown,timeout,,two-sided,IMELL,18082,1142,5001.198,2429119,2427295,1822,99357041,0,0,2048,4980.000,6.783,auto
lltp,ILL/petri-nets/MCC,,,TCPcondis_tcp30_50_1.p,intuitionistic,auto,1,false,,5,0,3,provable,unknown,timeout,,two-sided,IMELL,512,32,5000.057,6856717,6856706,9,94585976,0,0,2048,4980.000,6.361,auto
lltp,ILL/petri-nets/MCC,,,DatabaseWithMutex_database20UNFOLD_5_1.p,intuitionistic,auto,1,false,,5,0,3,provable,unknown,timeout,,two-sided,IMELL,46672,21,5016.309,1,0,0,127067100,0,0,16384,5010.000,4.288,auto
lltp,ILL/petri-nets/MCC,,,Diffusion2D_2D8_gradient_20x20_50_1_1.p,intuitionistic,auto,1,false,,5,0,3,provable,proved,,ok,two-sided,IMELL,12054,58,1.628,4,0,2,100,0,0,16384,0.000,0.002,auto
lltp,ILL/petri-nets/MCC,,,TokenRing-15-unfolded_1_1.p,intuitionistic,auto,1,false,,5,0,3,provable,proved,,ok,two-sided,IMELL,28990,31,5.485,6,0,5,3882,0,0,16384,0.000,0.014,auto
lltp,ILL/petri-nets/MCC,,,TokenRing-20-unfolded_1_1.p,intuitionistic,auto,1,false,,5,0,3,provable,proved,,ok,two-sided,IMELL,67450,41,16.577,6,0,5,8678,0,0,16384,20.000,0.009,auto
family,qbf,16,0,qbf/16#0,classical,auto,1,false,,300,0,3,provable,proved,,ok,focus,MALL,399,9,9.442,14615,0,14615,22146,0,0,2048,0.000,0.007,auto
family,qbf,16,0,qbf/16#0,classical,auto,1,false,,300,1,3,provable,proved,,ok,focus,MALL,399,9,8.875,14615,0,14615,22146,0,0,2048,0.000,0.009,auto
family,qbf,16,0,qbf/16#0,classical,auto,1,false,,300,2,3,provable,proved,,ok,focus,MALL,399,9,8.667,14615,0,14615,22146,0,0,2048,0.000,0.008,auto
family,qbf,16,1,qbf/16#1,classical,auto,1,false,,300,0,3,unprovable,unprovable,,,focus,MALL,399,7,1.395,2502,0,2502,4090,0,0,2048,0.000,0.000,auto
family,qbf,16,1,qbf/16#1,classical,auto,1,false,,300,1,3,unprovable,unprovable,,,focus,MALL,399,7,1.369,2502,0,2502,4090,0,0,2048,0.000,0.000,auto
family,qbf,16,1,qbf/16#1,classical,auto,1,false,,300,2,3,unprovable,unprovable,,,focus,MALL,399,7,1.445,2502,0,2502,4090,0,0,2048,0.000,0.000,auto
family,qbf,16,2,qbf/16#2,classical,auto,1,false,,300,0,3,unprovable,unprovable,,,focus,MALL,399,6,2.216,3975,0,3975,6214,0,0,2048,0.000,0.009,auto
family,qbf,16,2,qbf/16#2,classical,auto,1,false,,300,1,3,unprovable,unprovable,,,focus,MALL,399,6,2.299,3975,0,3975,6214,0,0,2048,0.000,0.005,auto
family,qbf,16,2,qbf/16#2,classical,auto,1,false,,300,2,3,unprovable,unprovable,,,focus,MALL,399,6,2.188,3975,0,3975,6214,0,0,2048,0.000,0.002,auto
family,qbf,16,3,qbf/16#3,classical,auto,1,false,,300,0,3,provable,proved,,ok,focus,MALL,399,8,7.245,12420,0,12420,19728,0,0,2048,0.000,0.018,auto
family,qbf,16,3,qbf/16#3,classical,auto,1,false,,300,1,3,provable,proved,,ok,focus,MALL,399,8,7.036,12420,0,12420,19728,0,0,2048,0.000,0.005,auto
family,qbf,16,3,qbf/16#3,classical,auto,1,false,,300,2,3,provable,proved,,ok,focus,MALL,399,8,7.607,12420,0,12420,19728,0,0,2048,0.000,0.022,auto
family,qbf,20,0,qbf/20#0,classical,auto,1,false,,300,0,3,unprovable,unprovable,,,focus,MALL,499,8,6.762,11161,0,11161,17161,0,0,2048,0.000,0.006,auto
family,qbf,20,0,qbf/20#0,classical,auto,1,false,,300,1,3,unprovable,unprovable,,,focus,MALL,499,8,6.638,11161,0,11161,17161,0,0,2048,0.000,0.051,auto
family,qbf,20,0,qbf/20#0,classical,auto,1,false,,300,2,3,unprovable,unprovable,,,focus,MALL,499,8,6.659,11161,0,11161,17161,0,0,2048,0.000,0.006,auto
family,qbf,20,1,qbf/20#1,classical,auto,1,false,,300,0,3,unprovable,unprovable,,,focus,MALL,499,6,10.690,17781,0,17781,26685,0,0,2048,0.000,0.008,auto
family,qbf,20,1,qbf/20#1,classical,auto,1,false,,300,1,3,unprovable,unprovable,,,focus,MALL,499,6,10.710,17781,0,17781,26685,0,0,2048,0.000,0.018,auto
family,qbf,20,1,qbf/20#1,classical,auto,1,false,,300,2,3,unprovable,unprovable,,,focus,MALL,499,6,10.642,17781,0,17781,26685,0,0,2048,10.000,0.010,auto
family,qbf,20,2,qbf/20#2,classical,auto,1,false,,300,0,3,provable,proved,,ok,focus,MALL,499,7,47.857,60883,0,60883,97394,0,0,2048,30.000,0.059,auto
family,qbf,20,2,qbf/20#2,classical,auto,1,false,,300,1,3,provable,proved,,ok,focus,MALL,499,7,43.907,60883,0,60883,97394,0,0,2048,40.000,0.055,auto
family,qbf,20,2,qbf/20#2,classical,auto,1,false,,300,2,3,provable,proved,,ok,focus,MALL,499,7,44.109,60883,0,60883,97394,0,0,2048,30.000,0.044,auto
family,qbf,20,3,qbf/20#3,classical,auto,1,false,,300,0,3,unprovable,unprovable,,,focus,MALL,499,7,6.387,10639,0,10639,16467,0,0,2048,0.000,0.005,auto
family,qbf,20,3,qbf/20#3,classical,auto,1,false,,300,1,3,unprovable,unprovable,,,focus,MALL,499,7,6.481,10639,0,10639,16467,0,0,2048,0.000,0.013,auto
family,qbf,20,3,qbf/20#3,classical,auto,1,false,,300,2,3,unprovable,unprovable,,,focus,MALL,499,7,6.302,10639,0,10639,16467,0,0,2048,0.000,0.005,auto
family,counter,8,0,counter/8,classical,auto,1,false,,300,0,3,provable,proved,,ok,focus,MELL,27,8,1.645,14228,13935,190,42105,0,0,2048,0.000,0.000,auto
family,counter,8,0,counter/8,classical,auto,1,false,,300,1,3,provable,proved,,ok,focus,MELL,27,8,1.631,14228,13935,190,42105,0,0,2048,0.000,0.000,auto
family,counter,8,0,counter/8,classical,auto,1,false,,300,2,3,provable,proved,,ok,focus,MELL,27,8,1.586,14228,13935,190,42105,0,0,2048,0.000,0.000,auto
family,counter,8,0,counter/8,intuitionistic,auto,1,false,,300,0,3,,proved,,ok,two-sided,IMELL,27,8,0.140,701,644,33,2697,0,0,2048,0.000,0.000,auto
family,counter,8,0,counter/8,intuitionistic,auto,1,false,,300,1,3,,proved,,ok,two-sided,IMELL,27,8,0.144,701,644,33,2697,0,0,2048,0.000,0.000,auto
family,counter,8,0,counter/8,intuitionistic,auto,1,false,,300,2,3,,proved,,ok,two-sided,IMELL,27,8,0.141,701,644,33,2697,0,0,2048,0.000,0.000,auto
family,counter,16,0,counter/16,classical,auto,1,false,,300,0,4,provable,proved,,ok,focus,MELL,41,16,61.620,473232,471212,1049,2004517,0,0,2048,60.000,0.048,auto
family,counter,16,0,counter/16,classical,auto,1,false,,300,1,4,provable,proved,,ok,focus,MELL,41,16,62.695,473232,471212,1049,2004517,0,0,2048,60.000,0.037,auto
family,counter,16,0,counter/16,classical,auto,1,false,,300,2,4,provable,proved,,ok,focus,MELL,41,16,61.373,473232,471212,1049,2004517,0,0,2048,60.000,0.036,auto
family,counter,16,0,counter/16,intuitionistic,auto,1,false,,300,0,4,,proved,,ok,two-sided,IMELL,41,16,1.395,9141,8933,101,53727,0,0,2048,0.000,0.000,auto
family,counter,16,0,counter/16,intuitionistic,auto,1,false,,300,1,4,,proved,,ok,two-sided,IMELL,41,16,1.388,9141,8933,101,53727,0,0,2048,0.000,0.000,auto
family,counter,16,0,counter/16,intuitionistic,auto,1,false,,300,2,4,,proved,,ok,two-sided,IMELL,41,16,1.374,9141,8933,101,53727,0,0,2048,0.000,0.000,auto
family,counter-over,8,0,counter-over/8,classical,auto,1,false,,300,0,3,unprovable,unknown,copy_bound,,focus,MELL,29,8,2.263,19423,19072,232,59335,0,0,2048,0.000,0.002,auto
family,counter-over,8,0,counter-over/8,classical,auto,1,false,,300,1,3,unprovable,unknown,copy_bound,,focus,MELL,29,8,2.323,19423,19072,232,59335,0,0,2048,0.000,0.002,auto
family,counter-over,8,0,counter-over/8,classical,auto,1,false,,300,2,3,unprovable,unknown,copy_bound,,focus,MELL,29,8,2.353,19423,19072,232,59335,0,0,2048,0.000,0.004,auto
family,counter-over,8,0,counter-over/8,intuitionistic,auto,1,false,,300,0,3,,unknown,copy_bound,,two-sided,IMELL,29,8,0.146,709,649,35,2724,0,0,2048,0.000,0.000,auto
family,counter-over,8,0,counter-over/8,intuitionistic,auto,1,false,,300,1,3,,unknown,copy_bound,,two-sided,IMELL,29,8,0.148,709,649,35,2724,0,0,2048,0.000,0.000,auto
family,counter-over,8,0,counter-over/8,intuitionistic,auto,1,false,,300,2,3,,unknown,copy_bound,,two-sided,IMELL,29,8,0.143,709,649,35,2724,0,0,2048,0.000,0.000,auto
family,growing,16,0,growing/16,classical,auto,1,false,,300,0,16,unprovable,unknown,copy_bound,,focus,MELL,9,3,0.136,409,120,33,256,0,0,2048,0.000,0.000,auto
family,growing,16,0,growing/16,classical,auto,1,false,,300,1,16,unprovable,unknown,copy_bound,,focus,MELL,9,3,0.131,409,120,33,256,0,0,2048,0.000,0.000,auto
family,growing,16,0,growing/16,classical,auto,1,false,,300,2,16,unprovable,unknown,copy_bound,,focus,MELL,9,3,0.132,409,120,33,256,0,0,2048,0.000,0.000,auto
family,growing,64,0,growing/64,classical,auto,1,false,,300,0,64,unprovable,unknown,copy_bound,,focus,MELL,9,3,1.640,6241,2016,129,4096,0,0,2048,0.000,0.003,auto
family,growing,64,0,growing/64,classical,auto,1,false,,300,1,64,unprovable,unknown,copy_bound,,focus,MELL,9,3,1.545,6241,2016,129,4096,0,0,2048,0.000,0.000,auto
family,growing,64,0,growing/64,classical,auto,1,false,,300,2,64,unprovable,unknown,copy_bound,,focus,MELL,9,3,1.561,6241,2016,129,4096,0,0,2048,0.000,0.000,auto
family,growing,256,0,growing/256,classical,auto,1,false,,300,0,256,unprovable,unknown,copy_bound,,focus,MELL,9,3,42.219,98689,32640,513,65536,0,0,2048,40.000,0.080,auto
family,growing,256,0,growing/256,classical,auto,1,false,,300,1,256,unprovable,unknown,copy_bound,,focus,MELL,9,3,42.394,98689,32640,513,65536,0,0,2048,40.000,0.345,auto
family,growing,256,0,growing/256,classical,auto,1,false,,300,2,256,unprovable,unknown,copy_bound,,focus,MELL,9,3,42.048,98689,32640,513,65536,0,0,2048,40.000,0.065,auto
family,growing,1024,0,growing/1024,classical,auto,1,false,,300,0,1024,unprovable,unknown,recursion_limit,,focus,MELL,9,3,263.313,392961,130305,1023,261633,0,0,2048,260.000,0.170,auto
family,growing,1024,0,growing/1024,classical,auto,1,false,,300,1,1024,unprovable,unknown,recursion_limit,,focus,MELL,9,3,273.954,392961,130305,1023,261633,0,0,2048,260.000,0.207,auto
family,growing,1024,0,growing/1024,classical,auto,1,false,,300,2,1024,unprovable,unknown,recursion_limit,,focus,MELL,9,3,262.953,392961,130305,1023,261633,0,0,2048,260.000,0.231,auto
family,chain,16,0,chain/16,classical,auto,1,false,,300,0,18,provable,proved,,ok,focus,LL,98,2,0.221,253,98,33,1817,0,0,2048,0.000,0.000,auto
family,chain,16,0,chain/16,classical,auto,1,false,,300,1,18,provable,proved,,ok,focus,LL,98,2,0.202,253,98,33,1817,0,0,2048,0.000,0.000,auto
family,chain,16,0,chain/16,classical,auto,1,false,,300,2,18,provable,proved,,ok,focus,LL,98,2,0.199,253,98,33,1817,0,0,2048,0.000,0.000,auto
family,chain,64,0,chain/64,classical,auto,1,false,,300,0,66,provable,proved,,ok,focus,LL,386,2,12.420,4069,1922,129,127073,0,0,2048,10.000,0.032,auto
family,chain,64,0,chain/64,classical,auto,1,false,,300,1,66,provable,proved,,ok,focus,LL,386,2,12.457,4069,1922,129,127073,0,0,2048,10.000,0.030,auto
family,chain,64,0,chain/64,classical,auto,1,false,,300,2,66,provable,proved,,ok,focus,LL,386,2,12.407,4069,1922,129,127073,0,0,2048,10.000,0.024,auto
family,chain,128,0,chain/128,classical,auto,1,false,,300,0,130,provable,proved,,ok,focus,LL,770,2,127.445,16325,7938,257,1032385,0,0,2048,120.000,0.322,auto
family,chain,128,0,chain/128,classical,auto,1,false,,300,1,130,provable,proved,,ok,focus,LL,770,2,127.570,16325,7938,257,1032385,0,0,2048,120.000,0.153,auto
family,chain,128,0,chain/128,classical,auto,1,false,,300,2,130,provable,proved,,ok,focus,LL,770,2,127.288,16325,7938,257,1032385,0,0,2048,120.000,0.115,auto
family,chain,256,0,chain/256,classical,auto,1,false,,300,0,258,provable,proved,,ok,focus,LL,1538,2,621.165,65413,32258,513,8323457,0,0,2048,610.000,0.463,auto
family,chain,256,0,chain/256,classical,auto,1,false,,300,1,258,provable,proved,,ok,focus,LL,1538,2,607.291,65413,32258,513,8323457,0,0,2048,600.000,0.408,auto
family,chain,256,0,chain/256,classical,auto,1,false,,300,2,258,provable,proved,,ok,focus,LL,1538,2,606.183,65413,32258,513,8323457,0,0,2048,600.000,0.385,auto
family,wide-m3,24,0,wide-m3/24,classical,auto,1,false,,300,0,3,provable,proved,,ok,focus,MLL,167,3,0.080,25,0,25,454,0,0,2048,0.000,0.000,auto
family,wide-m3,24,0,wide-m3/24,classical,auto,1,false,,300,1,3,provable,proved,,ok,focus,MLL,167,3,0.075,25,0,25,454,0,0,2048,0.000,0.000,auto
family,wide-m3,24,0,wide-m3/24,classical,auto,1,false,,300,2,3,provable,proved,,ok,focus,MLL,167,3,0.074,25,0,25,454,0,0,2048,0.000,0.000,auto
family,wide-m3,30,0,wide-m3/30,classical,auto,1,false,,300,0,3,provable,proved,,ok,focus,MLL,209,3,0.102,31,0,31,688,0,0,2048,0.000,0.000,auto
family,wide-m3,30,0,wide-m3/30,classical,auto,1,false,,300,1,3,provable,proved,,ok,focus,MLL,209,3,0.100,31,0,31,688,0,0,2048,0.000,0.000,auto
family,wide-m3,30,0,wide-m3/30,classical,auto,1,false,,300,2,3,provable,proved,,ok,focus,MLL,209,3,0.103,31,0,31,688,0,0,2048,0.000,0.000,auto
family,wide-m4,24,0,wide-m4/24,classical,auto,1,false,,300,0,3,provable,proved,,ok,focus,MLL,167,4,0.077,25,0,25,430,0,0,2048,0.000,0.000,auto
family,wide-m4,24,0,wide-m4/24,classical,auto,1,false,,300,1,3,provable,proved,,ok,focus,MLL,167,4,0.077,25,0,25,430,0,0,2048,0.000,0.000,auto
family,wide-m4,24,0,wide-m4/24,classical,auto,1,false,,300,2,3,provable,proved,,ok,focus,MLL,167,4,0.082,25,0,25,430,0,0,2048,0.000,0.000,auto
family,wide-m4,28,0,wide-m4/28,classical,auto,1,false,,300,0,3,provable,proved,,ok,focus,MLL,195,4,0.089,29,0,29,572,0,0,2048,0.000,0.000,auto
family,wide-m4,28,0,wide-m4/28,classical,auto,1,false,,300,1,3,provable,proved,,ok,focus,MLL,195,4,0.091,29,0,29,572,0,0,2048,0.000,0.000,auto
family,wide-m4,28,0,wide-m4/28,classical,auto,1,false,,300,2,3,provable,proved,,ok,focus,MLL,195,4,0.090,29,0,29,572,0,0,2048,0.000,0.000,auto
file,partition-table,,,partition-table/1-1,classical,auto,1,false,,300,0,3,provable,proved,,ok,net,MLL,28,2,0.033,15,0,0,0,20,20,2048,0.000,0.000,auto
file,partition-table,,,partition-table/1-1,classical,auto,1,false,,300,1,3,provable,proved,,ok,net,MLL,28,2,0.032,15,0,0,0,20,20,2048,0.000,0.000,auto
file,partition-table,,,partition-table/1-1,classical,auto,1,false,,300,2,3,provable,proved,,ok,net,MLL,28,2,0.028,15,0,0,0,20,20,2048,0.000,0.000,auto
file,partition-table,,,partition-table/1-3,classical,auto,1,false,,300,0,3,unprovable,unprovable,,,focus,MLL,44,4,0.027,13,4,9,59,0,0,2048,0.000,0.000,auto
file,partition-table,,,partition-table/1-3,classical,auto,1,false,,300,1,3,unprovable,unprovable,,,focus,MLL,44,4,0.028,13,4,9,59,0,0,2048,0.000,0.000,auto
file,partition-table,,,partition-table/1-3,classical,auto,1,false,,300,2,3,unprovable,unprovable,,,focus,MLL,44,4,0.030,13,4,9,59,0,0,2048,0.000,0.000,auto
file,partition-table,,,partition-table/2-1-1,classical,auto,1,false,,300,0,3,provable,proved,,ok,focus,MLL,50,4,0.044,15,2,13,57,0,0,2048,0.000,0.000,auto
file,partition-table,,,partition-table/2-1-1,classical,auto,1,false,,300,1,3,provable,proved,,ok,focus,MLL,50,4,0.039,15,2,13,57,0,0,2048,0.000,0.000,auto
file,partition-table,,,partition-table/2-1-1,classical,auto,1,false,,300,2,3,provable,proved,,ok,focus,MLL,50,4,0.039,15,2,13,57,0,0,2048,0.000,0.000,auto
file,partition-table,,,partition-table/1-1-4,classical,auto,1,false,,300,0,3,unprovable,unprovable,,,focus,MLL,66,6,0.050,55,28,27,233,0,0,2048,0.000,0.000,auto
file,partition-table,,,partition-table/1-1-4,classical,auto,1,false,,300,1,3,unprovable,unprovable,,,focus,MLL,66,6,0.046,55,28,27,233,0,0,2048,0.000,0.000,auto
file,partition-table,,,partition-table/1-1-4,classical,auto,1,false,,300,2,3,unprovable,unprovable,,,focus,MLL,66,6,0.051,55,28,27,233,0,0,2048,0.000,0.000,auto
file,partition-table,,,partition-table/2-2-1-1,classical,auto,1,false,,300,0,3,provable,proved,,ok,focus,MLL,72,6,0.057,28,7,21,124,0,0,2048,0.000,0.000,auto
file,partition-table,,,partition-table/2-2-1-1,classical,auto,1,false,,300,1,3,provable,proved,,ok,focus,MLL,72,6,0.057,28,7,21,124,0,0,2048,0.000,0.000,auto
file,partition-table,,,partition-table/2-2-1-1,classical,auto,1,false,,300,2,3,provable,proved,,ok,focus,MLL,72,6,0.052,28,7,21,124,0,0,2048,0.000,0.000,auto
file,partition-table,,,partition-table/1-2-5,classical,auto,1,false,,300,0,3,unprovable,unprovable,,,focus,MLL,82,8,0.054,55,28,27,251,0,0,2048,0.000,0.000,auto
file,partition-table,,,partition-table/1-2-5,classical,auto,1,false,,300,1,3,unprovable,unprovable,,,focus,MLL,82,8,0.055,55,28,27,251,0,0,2048,0.000,0.000,auto
file,partition-table,,,partition-table/1-2-5,classical,auto,1,false,,300,2,3,unprovable,unprovable,,,focus,MLL,82,8,0.055,55,28,27,251,0,0,2048,0.000,0.000,auto
file,partition-table,,,partition-table/1-1-2-4,classical,auto,1,false,,300,0,3,provable,proved,,ok,focus,MLL,88,8,0.043,11,0,11,39,0,0,2048,0.000,0.000,auto
file,partition-table,,,partition-table/1-1-2-4,classical,auto,1,false,,300,1,3,provable,proved,,ok,focus,MLL,88,8,0.043,11,0,11,39,0,0,2048,0.000,0.000,auto
file,partition-table,,,partition-table/1-1-2-4,classical,auto,1,false,,300,2,3,provable,proved,,ok,focus,MLL,88,8,0.043,11,0,11,39,0,0,2048,0.000,0.000,auto
file,partition-table,,,partition-table/1-1-1-5,classical,auto,1,false,,300,0,3,unprovable,unprovable,,,focus,MLL,88,8,0.127,217,136,81,863,0,0,2048,0.000,0.000,auto
file,partition-table,,,partition-table/1-1-1-5,classical,auto,1,false,,300,1,3,unprovable,unprovable,,,focus,MLL,88,8,0.121,217,136,81,863,0,0,2048,0.000,0.000,auto
file,partition-table,,,partition-table/1-1-1-5,classical,auto,1,false,,300,2,3,unprovable,unprovable,,,focus,MLL,88,8,0.121,217,136,81,863,0,0,2048,0.000,0.000,auto
file,partition-table,,,partition-table/2-3-2-1,classical,auto,1,false,,300,0,3,provable,proved,,ok,focus,MLL,88,8,0.054,28,7,21,132,0,0,2048,0.000,0.000,auto
file,partition-table,,,partition-table/2-3-2-1,classical,auto,1,false,,300,1,3,provable,proved,,ok,focus,MLL,88,8,0.054,28,7,21,132,0,0,2048,0.000,0.000,auto
file,partition-table,,,partition-table/2-3-2-1,classical,auto,1,false,,300,2,3,provable,proved,,ok,focus,MLL,88,8,0.055,28,7,21,132,0,0,2048,0.000,0.000,auto
file,partition-table,,,partition-table/3-3-3-1,classical,auto,1,false,,300,0,3,unprovable,unprovable,,,focus,MLL,104,10,0.145,217,136,81,939,0,0,2048,0.000,0.000,auto
file,partition-table,,,partition-table/3-3-3-1,classical,auto,1,false,,300,1,3,unprovable,unprovable,,,focus,MLL,104,10,0.138,217,136,81,939,0,0,2048,0.000,0.000,auto
file,partition-table,,,partition-table/3-3-3-1,classical,auto,1,false,,300,2,3,unprovable,unprovable,,,focus,MLL,104,10,0.129,217,136,81,939,0,0,2048,0.000,0.000,auto
file,partition-table,,,partition-table/1-2-3-4-5-5,classical,auto,1,false,,300,0,3,provable,proved,,ok,focus,MLL,196,20,0.076,21,2,19,127,0,0,2048,0.000,0.000,auto
file,partition-table,,,partition-table/1-2-3-4-5-5,classical,auto,1,false,,300,1,3,provable,proved,,ok,focus,MLL,196,20,0.073,21,2,19,127,0,0,2048,0.000,0.000,auto
file,partition-table,,,partition-table/1-2-3-4-5-5,classical,auto,1,false,,300,2,3,provable,proved,,ok,focus,MLL,196,20,0.068,21,2,19,127,0,0,2048,0.000,0.000,auto
file,partition-table,,,partition-table/1-1-1-1-1-7,classical,auto,1,false,,300,0,3,unprovable,unprovable,,,focus,MLL,132,12,1.168,2917,2188,729,10691,0,0,2048,0.000,0.000,auto
file,partition-table,,,partition-table/1-1-1-1-1-7,classical,auto,1,false,,300,1,3,unprovable,unprovable,,,focus,MLL,132,12,1.181,2917,2188,729,10691,0,0,2048,0.000,0.000,auto
file,partition-table,,,partition-table/1-1-1-1-1-7,classical,auto,1,false,,300,2,3,unprovable,unprovable,,,focus,MLL,132,12,1.164,2917,2188,729,10691,0,0,2048,0.000,0.000,auto
file,partition-table,,,partition-table/2-2-2-2-2-2-9-1,classical,auto,1,false,,300,0,3,provable,proved,,ok,focus,MLL,224,22,0.108,45,12,33,298,0,0,2048,0.000,0.000,auto
file,partition-table,,,partition-table/2-2-2-2-2-2-9-1,classical,auto,1,false,,300,1,3,provable,proved,,ok,focus,MLL,224,22,0.110,45,12,33,298,0,0,2048,0.000,0.000,auto
file,partition-table,,,partition-table/2-2-2-2-2-2-9-1,classical,auto,1,false,,300,2,3,provable,proved,,ok,focus,MLL,224,22,0.102,45,12,33,298,0,0,2048,0.000,0.000,auto
file,chain-over,,,chain-over/12,intuitionistic,auto,1,false,,300,0,3,unprovable,unknown,copy_bound,,two-sided,ILL,76,2,0.058,70,33,21,260,0,0,2048,0.000,0.000,auto
file,chain-over,,,chain-over/12,intuitionistic,auto,1,false,,300,1,3,unprovable,unknown,copy_bound,,two-sided,ILL,76,2,0.052,70,33,21,260,0,0,2048,0.000,0.000,auto
file,chain-over,,,chain-over/12,intuitionistic,auto,1,false,,300,2,3,unprovable,unknown,copy_bound,,two-sided,ILL,76,2,0.050,70,33,21,260,0,0,2048,0.000,0.000,auto
file,cancellation,,,cancellation/3-partition-4,classical,auto,1,false,,300,0,3,provable,proved,,ok,focus,MALL,123,8,0.282,925,713,212,2794,0,0,2048,0.000,0.000,auto
file,cancellation,,,cancellation/3-partition-4,classical,auto,1,false,,300,1,3,provable,proved,,ok,focus,MALL,123,8,0.283,925,713,212,2794,0,0,2048,0.000,0.000,auto
file,cancellation,,,cancellation/3-partition-4,classical,auto,1,false,,300,2,3,provable,proved,,ok,focus,MALL,123,8,0.283,925,713,212,2794,0,0,2048,0.000,0.000,auto
