source,family,size,index,problem,mode,engine_requested,jobs,test_period,timeout_s,run,copies,expected,verdict,reason,checked,engine,fragment,occurrences,multiplicity,time_ms,nodes,memo_hits,memo_entries,splits,links,tests,recursion_limit,cpu_ms,wait_ms,bias,forward_copies,check_ms,memory_limit
family,3-partition-no,4,0,3-partition-no/4,classical,auto,1,,300,0,3,unprovable,unprovable,,,focus,MALL,99,8,0.298,923,713,210,2794,0,0,2048,0.000,0.000,auto,30,,1073741824
family,3-partition-no,4,0,3-partition-no/4,classical,auto,1,,300,1,3,unprovable,unprovable,,,focus,MALL,99,8,0.278,923,713,210,2794,0,0,2048,0.000,0.000,auto,30,,1073741824
family,3-partition-no,4,0,3-partition-no/4,classical,auto,1,,300,2,3,unprovable,unprovable,,,focus,MALL,99,8,0.287,923,713,210,2794,0,0,2048,0.000,0.000,auto,30,,1073741824
family,3-partition-no,5,0,3-partition-no/5,classical,auto,1,,300,0,3,unprovable,unprovable,,,focus,MALL,109,10,0.321,971,733,238,3294,0,0,2048,0.000,0.000,auto,30,,1073741824
family,3-partition-no,5,0,3-partition-no/5,classical,auto,1,,300,1,3,unprovable,unprovable,,,focus,MALL,109,10,0.322,971,733,238,3294,0,0,2048,0.000,0.000,auto,30,,1073741824
family,3-partition-no,5,0,3-partition-no/5,classical,auto,1,,300,2,3,unprovable,unprovable,,,focus,MALL,109,10,0.334,971,733,238,3294,0,0,2048,0.000,0.000,auto,30,,1073741824
family,partition-yes,5,0,partition-yes/5,classical,auto,1,,300,0,3,provable,proved,,ok,focus,MLL,126,12,0.083,30,7,23,157,0,0,2048,0.000,0.000,auto,30,0.009,1073741824
family,partition-yes,5,0,partition-yes/5,classical,auto,1,,300,1,3,provable,proved,,ok,focus,MLL,126,12,0.082,30,7,23,157,0,0,2048,0.000,0.000,auto,30,0.007,1073741824
family,partition-yes,5,0,partition-yes/5,classical,auto,1,,300,2,3,provable,proved,,ok,focus,MLL,126,12,0.086,30,7,23,157,0,0,2048,0.000,0.000,auto,30,0.007,1073741824
family,partition-yes,6,0,partition-yes/6,classical,auto,1,,300,0,3,provable,proved,,ok,focus,MLL,164,16,0.133,93,42,51,542,0,0,2048,0.000,0.000,auto,30,0.008,1073741824
family,partition-yes,6,0,partition-yes/6,classical,auto,1,,300,1,3,provable,proved,,ok,focus,MLL,164,16,0.132,93,42,51,542,0,0,2048,0.000,0.000,auto,30,0.009,1073741824
family,partition-yes,6,0,partition-yes/6,classical,auto,1,,300,2,3,provable,proved,,ok,focus,MLL,164,16,0.146,93,42,51,542,0,0,2048,0.000,0.000,auto,30,0.009,1073741824
family,partition-yes,7,0,partition-yes/7,classical,auto,1,,300,0,3,provable,proved,,ok,focus,MLL,266,28,0.204,178,97,81,1097,0,0,2048,0.000,0.000,auto,30,0.014,1073741824
family,partition-yes,7,0,partition-yes/7,classical,auto,1,,300,1,3,provable,proved,,ok,focus,MLL,266,28,0.228,178,97,81,1097,0,0,2048,0.000,0.000,auto,30,0.015,1073741824
family,partition-yes,7,0,partition-yes/7,classical,auto,1,,300,2,3,provable,proved,,ok,focus,MLL,266,28,0.204,178,97,81,1097,0,0,2048,0.000,0.000,auto,30,0.014,1073741824
family,partition-no,4,0,partition-no/4,classical,auto,1,,300,0,3,unprovable,unprovable,,,focus,MLL,104,10,0.141,217,136,81,939,0,0,2048,0.000,0.000,auto,30,,1073741824
family,partition-no,4,0,partition-no/4,classical,auto,1,,300,1,3,unprovable,unprovable,,,focus,MLL,104,10,0.137,217,136,81,939,0,0,2048,0.000,0.000,auto,30,,1073741824
family,partition-no,4,0,partition-no/4,classical,auto,1,,300,2,3,unprovable,unprovable,,,focus,MLL,104,10,0.151,217,136,81,939,0,0,2048,0.000,0.000,auto,30,,1073741824
family,partition-no,5,0,partition-no/5,classical,auto,1,,300,0,3,unprovable,unprovable,,,focus,MLL,206,22,0.422,811,568,243,4161,0,0,2048,0.000,0.000,auto,30,,1073741824
family,partition-no,5,0,partition-no/5,classical,auto,1,,300,1,3,unprovable,unprovable,,,focus,MLL,206,22,0.425,811,568,243,4161,0,0,2048,0.000,0.000,auto,30,,1073741824
family,partition-no,5,0,partition-no/5,classical,auto,1,,300,2,3,unprovable,unprovable,,,focus,MLL,206,22,0.399,811,568,243,4161,0,0,2048,0.000,0.000,auto,30,,1073741824
family,mix,8,0,mix/8,mix,auto,1,,300,0,3,unprovable,unprovable,,,focus,MALL,80,1,1428.629,14316140,14283372,32768,51741261,0,0,2048,1420.000,0.790,auto,30,,1073741824
family,mix,8,0,mix/8,mix,auto,1,,300,1,3,unprovable,unprovable,,,focus,MALL,80,1,1434.711,14316140,14283372,32768,51741261,0,0,2048,1430.000,0.777,auto,30,,1073741824
family,mix,8,0,mix/8,mix,auto,1,,300,2,3,unprovable,unprovable,,,focus,MALL,80,1,1430.244,14316140,14283372,32768,51741261,0,0,2048,1420.000,0.720,auto,30,,1073741824
family,mix,9,0,mix/9,mix,auto,1,,300,0,3,unprovable,unprovable,,,focus,MALL,90,1,13016.412,129009092,128878020,131072,465310909,0,0,2048,12980.000,6.817,auto,30,,1073741824
family,mix,10,0,mix/10,mix,auto,1,,300,0,3,unprovable,unprovable,,,focus,MALL,100,1,124958.745,1161737180,1161212892,524288,4186028717,0,0,2048,124620.000,111.557,auto,30,,1073741824
family,mix,11,0,mix/11,mix,auto,1,,300,0,3,unprovable,unknown,timeout,,focus,MALL,110,1,300002.629,2672350531,2671377758,972771,9629770537,0,0,2048,299060.000,318.248,auto,30,,1073741824
lltp,ILL/petri-nets/MCC,,,AirplaneLD-pt-0010_20_1.p,intuitionistic,auto,1,,5,0,3,provable,unknown,timeout,,two-sided,IMELL,812,25,5001.580,47,0,45,305332443,0,0,2048,4980.000,741.523,auto,30,,1073741824
lltp,ILL/petri-nets/MCC,,,BridgeAndVehicles-V10-P10-N10-unfolded_1_1.p,intuitionistic,auto,1,,5,0,3,provable,proved,,ok,two-sided,IMELL,4386,223,0.287,3,0,2,278,0,0,2048,0.000,0.020,auto,30,0.033,1073741824
lltp,ILL/petri-nets/MCC,,,ClientsAndServers-0001-0_20_1.p,intuitionistic,auto,1,,5,0,3,provable,proved,,ok,two-sided,IMELL,182,9,10.153,37981,34619,630,216850,0,0,2048,10.000,2.349,auto,30,0.036,1073741824
lltp,ILL/petri-nets/MCC,,,CloudDeployment_deploy_4_a_5_1.p,intuitionistic,auto,1,,5,0,3,provable,proved,,ok,two-sided,IMELL,5350,158,0.331,3,0,2,19,0,0,2048,0.000,0.012,auto,30,0.041,1073741824
lltp,ILL/petri-nets/MCC,,,DES_des_30_a_10_1.p,intuitionistic,auto,1,,5,0,3,provable,proved,,ok,two-sided,IMELL,1946,35,63.268,8026,5544,1109,2565104,0,0,2048,60.000,8.231,auto,30,0.031,1073741824
lltp,ILL/petri-nets/MCC,,,DLCround_dlcro_03_b_50_1.p,intuitionistic,auto,1,,5,0,3,provable,unknown,timeout,,two-sided,IMELL,9632,11,5005.187,9171080,9134798,27397,33817460,0,0,2048,4990.000,682.302,auto,30,,1073741824
lltp,ILL/petri-nets/MCC,,,DNAwalker_dnawalk-10_1_1.p,intuitionistic,auto,1,,5,0,3,provable,proved,,ok,two-sided,IMELL,2608,59,0.189,3,0,2,55,0,0,2048,0.000,0.017,auto,30,0.028,1073741824
lltp,ILL/petri-nets/MCC,,,Dekker_dekker-10_5_1.p,intuitionistic,auto,1,,5,0,3,provable,proved,,ok,two-sided,IMELL,1718,20,0.313,127,45,67,1792,0,0,2048,0.000,0.011,auto,30,0.020,1073741824
lltp,ILL/petri-nets/MCC,,,Eratosthenes_eratosthenes-050_5_1.p,intuitionistic,auto,1,,5,0,3,provable,unknown,timeout,,two-sided,IMELL,832,25,5003.047,641238,398341,236350,151611642,0,0,2048,4980.000,244.146,auto,30,,1073741824
lltp,ILL/petri-nets/MCC,,,FMS-10_10_1.p,intuitionistic,auto,1,,5,0,3,provable,proved,,ok,two-sided,IMELL,242,12,63.181,17876,11545,3086,2573514,0,0,2048,60.000,7.399,auto,30,0.015,1073741824
lltp,ILL/petri-nets/MCC,,,HexagonalGrid_hxg_126_5_1.p,intuitionistic,auto,1,,5,0,3,provable,proved,,ok,two-sided,IMELL,454,38,4.636,1146,575,415,227777,0,0,2048,0.000,0.856,auto,30,0.013,1073741824
lltp,ILL/petri-nets/MCC,,,IOTPpurchase_IOTP_c1m1p1d1_20_1.p,intuitionistic,auto,1,,5,0,3,provable,proved,,ok,two-sided,IMELL,522,2,0.624,231,0,21,9258,0,0,2048,0.000,0.012,auto,30,0.018,1073741824
lltp,ILL/petri-nets/MCC,,,LamportFastMutEx_lamport_fmea-4_10_1.p,intuitionistic,auto,1,,5,0,3,provable,proved,,ok,two-sided,IMELL,2018,46,81.256,14050,5054,6368,3474910,0,0,2048,80.000,15.135,auto,30,0.027,1073741824
lltp,ILL/petri-nets/MCC,,,NeighborGrid_z_4d_3n_2m_c_2_3_20_1.p,intuitionistic,auto,1,,5,0,3,provable,unknown,timeout,,two-sided,IMELL,7174,58,5012.560,194355,72007,122268,219054672,0,0,2048,4990.000,298.641,auto,30,,1073741824
lltp,ILL/petri-nets/MCC,,,ParamProductionCell_open_system_0_20_1.p,intuitionistic,auto,1,,5,0,3,provable,proved,,ok,two-sided,IMELL,1582,16,9.024,734,241,68,472652,0,0,2048,0.000,2.860,auto,30,0.029,1073741824
lltp,ILL/petri-nets/MCC,,,Peterson-4_50_1.p,intuitionistic,auto,1,,5,0,3,provable,unknown,timeout,,two-sided,IMELL,4294,18,5007.732,7530492,7367217,92640,93002625,0,0,2048,4980.000,1159.808,auto,30,,1073741824
lltp,ILL/petri-nets/MCC,,,PolyORBLF_PolyORB-LF-S02-J04-T06-unfolded_10_1.p,intuitionistic,auto,1,,5,0,3,provable,proved,,ok,two-sided,IMELL,14714,1214,70.014,1348,424,428,989015,0,0,2048,70.000,14.738,auto,30,0.112,1073741824
lltp,ILL/petri-nets/MCC,,,QuasiCertifProtocol_QCertifProtocol_10-unfold_20_1.p,intuitionistic,auto,1,,5,0,3,provable,unknown,timeout,,two-sided,IMELL,2698,77,5002.965,2730,1821,581,159511279,0,0,2048,4970.000,649.955,auto,30,,1073741824
lltp,ILL/petri-nets/MCC,,,Railroad_railroad-010-pt_20_1.p,intuitionistic,auto,1,,5,0,3,provable,proved,,ok,two-sided,IMELL,1894,121,62.778,6908,2059,2917,2965303,0,0,2048,60.000,12.353,auto,30,0.030,1073741824
lltp,ILL/petri-nets/MCC,,,ResAllocation_RAS-R-10_10_1.p,intuitionistic,auto,1,,5,0,3,provable,proved,,ok,two-sided,IMELL,272,3,1.458,7462,6795,296,27474,0,0,2048,0.000,0.016,auto,30,0.011,1073741824
lltp,ILL/petri-nets/MCC,,,SafeBus-03-unfolded_20_1.p,intuitionistic,auto,1,,5,0,3,provable,proved,,ok,two-sided,IMELL,1126,43,671.865,2161243,2057320,37944,12409077,0,0,2048,660.000,152.953,auto,30,0.029,1073741824
lltp,ILL/petri-nets/MCC,,,SmallOperatingSystem-MT0032DC0008_1_1.p,intuitionistic,auto,1,,5,0,3,provable,proved,,ok,two-sided,IMELL,400,34,0.107,3,0,2,152,0,0,2048,0.000,0.012,auto,30,0.018,1073741824
lltp,ILL/petri-nets/MCC,,,TCPcondis_tcp15_20_1.p,intuitionistic,auto,1,,5,0,3,provable,unknown,timeout,,two-sided,IMELL,370,17,5004.712,6987463,6446627,312515,193174626,0,0,2048,4980.000,633.249,auto,30,,1073741824
lltp,ILL/petri-nets/MCC,,,TokenRing-10-unfolded_100_1.p,intuitionistic,auto,1,,5,0,3,provable,unknown,timeout,,two-sided,IMELL,8930,21,5007.984,4727150,4630933,50335,64495560,0,0,2048,4990.000,1156.752,auto,30,,1073741824
lltp,ILL/ILLTP-SYJ-01,,,SYJ201+1.007.p,intuitionistic,auto,1,,5,0,3,provable,unknown,copy_bound,,two-sided,ILL,1138,17,4.685,18130,9480,6724,11565,0,0,2048,0.000,0.026,auto,30,,1073741824
lltp,ILL/ILLTP-SYJ-01,,,SYJ203+1.016.p,intuitionistic,auto,1,,5,0,3,provable,unknown,copy_bound,,two-sided,ILL,180,17,2.192,12930,2092,7469,904,0,0,2048,0.000,0.012,auto,30,,1073741824
lltp,ILL/ILLTP-SYJ-01,,,SYJ205+1.013.p,intuitionistic,auto,1,,5,0,3,provable,unknown,copy_bound,,two-sided,ILL,356,2,0.054,52,18,17,5,0,0,2048,0.000,0.000,auto,30,,1073741824
lltp,ILL/ILLTP-SYJ-01,,,SYJ207+1.018.p,intuitionistic,auto,1,,5,0,3,,unknown,copy_bound,,two-sided,ILL,5770,38,154.006,213294,122979,79641,148392,0,0,2048,150.000,0.146,auto,30,,1073741824
lltp,ILL/ILLTP-SYJ-01,,,SYJ210+1.006.p,intuitionistic,auto,1,,5,0,3,unprovable,unknown,copy_bound,,two-sided,ILL,71,2,0.066,199,141,23,183,0,0,2048,0.000,0.000,auto,30,,1073741824
lltp,ILL/ILLTP-SYJ-01,,,SYJ212+1.002.p,intuitionistic,auto,1,,5,0,3,unprovable,unknown,copy_bound,,two-sided,ILL,82,4,0.074,124,33,37,43,0,0,2048,0.000,0.000,auto,30,,1073741824
lltp,ILL/ILLTP-SYJ-cbn,,,SYJ201+1.019.p,intuitionistic,auto,1,,5,0,3,provable,unknown,copy_bound,,two-sided,ILL,3548,41,43.548,65564,30498,33464,62478,0,0,2048,30.000,0.081,auto,30,,1073741824
lltp,ILL/ILLTP-SYJ-cbn,,,SYJ204+1.010.p,intuitionistic,auto,1,,5,0,3,provable,unknown,copy_bound,,two-sided,IMELL,83,2,0.199,438,368,26,430,0,0,2048,0.000,0.003,auto,30,,1073741824
lltp,ILL/ILLTP-SYJ-cbn,,,SYJ206+1.009.p,intuitionistic,auto,1,,5,0,3,provable,unknown,copy_bound,,two-sided,ILL,8169,512,7.282,10790,7228,3147,5698,0,0,2048,0.000,1.844,auto,30,,1073741824
lltp,ILL/ILLTP-SYJ-cbn,,,SYJ209+1.004.p,intuitionistic,auto,1,,5,0,3,unprovable,unknown,copy_bound,,two-sided,ILL,46,4,0.087,222,56,64,43,0,0,2048,0.000,0.000,auto,30,,1073741824
lltp,ILL/ILLTP-SYJ-cbn,,,SYJ210+1.020.p,intuitionistic,auto,1,,5,0,3,unprovable,unknown,copy_bound,,two-sided,ILL,169,2,0.417,2698,2482,86,2690,0,0,2048,0.000,0.003,auto,30,,1073741824
lltp,ILL/ILLTP-SYJ-cbv,,,SYJ201+1.019.p,intuitionistic,auto,1,,5,0,3,provable,unknown,copy_bound,,two-sided,IMELL,5225,41,128.713,166229,96097,66928,259042,0,0,2048,120.000,0.168,auto,30,,1073741824
lltp,ILL/ILLTP-SYJ-cbv,,,SYJ204+1.017.p,intuitionistic,auto,1,,5,0,3,provable,unknown,copy_bound,,two-sided,IMELL,174,2,0.149,1077,959,59,1042,0,0,2048,0.000,0.000,auto,30,,1073741824
lltp,ILL/ILLTP-SYJ-cbv,,,SYJ207+1.004.p,intuitionistic,auto,1,,5,0,3,unprovable,unknown,copy_bound,,two-sided,ILL,336,10,0.565,2147,1140,838,3092,0,0,2048,0.000,0.000,auto,30,,1073741824
lltp,ILL/ILLTP-SYJ-cbv,,,SYJ209+1.014.p,intuitionistic,auto,1,,5,0,3,,unknown,copy_bound,,two-sided,ILL,151,14,1.083,8305,4978,2903,926,0,0,2048,0.000,0.000,auto,30,,1073741824
lltp,ILL/ILLTP-SYJ-cbv,,,SYJ212+1.010.p,intuitionistic,auto,1,,5,0,3,unprovable,unknown,copy_bound,,two-sided,ILL,27105,1024,45.118,17785,10496,5045,11672,0,0,2048,30.000,0.094,auto,30,,1073741824
lltp,ILL/KLE-01,,,KLE058+1.p,intuitionistic,auto,1,,5,0,3,provable,unknown,copy_bound,,two-sided,ILL,33,2,0.048,38,11,12,12,0,0,2048,0.000,0.000,auto,30,,1073741824
lltp,ILL/KLE-IMP-CONJ,,,KLE_26_01.p,intuitionistic,auto,1,,5,0,3,provable,unknown,copy_bound,,two-sided,ILL,74,2,0.063,100,36,27,39,0,0,2048,0.000,0.000,auto,30,,1073741824
lltp,ILL/KLE-IMP-CONJ,,,KLE_57_CBV.p,intuitionistic,auto,1,,5,0,3,provable,unknown,copy_bound,,two-sided,ILL,51,2,0.052,75,30,20,58,0,0,2048,0.000,0.000,auto,30,,1073741824
lltp,ILL/KLE-cbn,,,KLE084+1.p,intuitionistic,auto,1,,5,0,3,provable,unknown,copy_bound,,two-sided,ILL,193,8,0.210,177,70,73,152,0,0,2048,0.000,0.002,auto,30,,1073741824
lltp,ILL/petri-nets/MCC,,,AutoFlight_afcs_03_b_5_1.p,intuitionistic,auto,1,,5,0,3,provable,proved,,ok,two-sided,IMELL,1392,6,8.332,17428,16712,316,149374,0,0,2048,0.000,0.780,auto,30,0.027,1073741824
lltp,ILL/petri-nets/MCC,,,DES_des_01_b_10_1.p,intuitionistic,auto,1,,5,0,3,provable,unknown,timeout,,two-sided,IMELL,1384,6,5001.232,37498830,37486075,9321,95986238,0,0,2048,4980.000,10.247,auto,30,,1073741824
lltp,ILL/petri-nets/MCC,,,DES_des_50_b_20_1.p,intuitionistic,auto,1,,5,0,3,provable,unknown,timeout,,two-sided,IMELL,2968,51,5001.853,29318668,29307978,7798,76335334,0,0,2048,4980.000,10.463,auto,30,,1073741824
lltp,ILL/petri-nets/MCC,,,IBM319_5_1.p,intuitionistic,auto,1,,5,0,3,provable,proved,,ok,two-sided,IMELL,1056,4,43.073,235697,229929,4169,704687,0,0,2048,40.000,5.509,auto,30,0.022,1073741824
lltp,ILL/ILLTP-SYJ-01,,,SYJ208+1.015.p,intuitionistic,auto,1,,5,0,3,unprovable,unknown,recursion_limit,,two-sided,ILL,13653,30,5.887,1532,0,1020,0,0,0,2048,0.000,0.033,auto,30,,1073741824
lltp,ILL/ILLTP-SYJ-cbv,,,SYJ208+1.016.p,intuitionistic,auto,1,,5,0,3,unprovable,unknown,recursion_limit,,two-sided,ILL,13956,32,4.155,2026,0,2025,2026,0,0,2048,0.000,0.022,auto,30,,1073741824
lltp,ILL/petri-nets/MCC,,,AutoFlight_afcs_96_b_1_1.p,intuitionistic,auto,1,,5,0,3,provable,proved,,ok,two-sided,IMELL,36402,104,2.590,2,0,1,1,0,0,2048,0.000,0.015,auto,30,0.419,1073741824
lltp,ILL/petri-nets/MCC,,,BridgeAndVehicles-V50-P20-N20-unfolded_5_1.p,intuitionistic,auto,1,,5,0,3,provable,proved,,ok,two-sided,IMELL,36826,2103,33.710,106,31,37,146510,0,0,2048,30.000,7.935,auto,30,0.192,1073741824
lltp,ILL/petri-nets/MCC,,,BridgeAndVehicles-V80-P20-N50-unfolded_1_1.p,intuitionistic,auto,1,,5,0,3,provable,proved,,ok,two-sided,IMELL,135826,8163,13.083,4,0,2,7985,0,0,2048,20.000,0.727,auto,30,0.645,1073741824
lltp,ILL/petri-nets/MCC,,,CloudDeployment_deploy_5_b_100_1.p,intuitionistic,auto,1,,5,0,3,provable,unknown,timeout,,two-sided,IMELL,51588,1024,5011.272,1311152,1296320,13039,11678993,0,0,2048,4990.000,828.579,auto,30,,1073741824
lltp,ILL/petri-nets/MCC,,,CloudReconfiguration_reconf_3_04_20_1.p,intuitionistic,auto,1,,5,0,3,provable,unknown,timeout,,two-sided,IMELL,12926,129,5001.365,5425587,5407207,4757,48193074,0,0,2048,4980.000,886.805,auto,30,,1073741824
lltp,ILL/petri-nets/MCC,,,CloudReconfiguration_reconf_3_10_100_1.p,intuitionistic,auto,1,,5,0,3,provable,unknown,timeout,,two-sided,IMELL,12936,129,5001.883,5456975,5438366,4760,48920058,0,0,2048,4980.000,855.500,auto,30,,1073741824
lltp,ILL/petri-nets/MCC,,,CloudReconfiguration_reconf_3_15_20_1.p,intuitionistic,auto,1,,5,0,3,provable,unknown,timeout,,two-sided,IMELL,12934,129,5001.443,5449878,5431372,4769,48552489,0,0,2048,4980.000,861.669,auto,30,,1073741824
lltp,ILL/petri-nets/MCC,,,CloudReconfiguration_reconf_4_01_100_1.p,intuitionistic,auto,1,,5,0,3,provable,unknown,timeout,,two-sided,IMELL,17788,172,5003.612,3950202,3938324,5298,32241383,0,0,2048,4980.000,987.344,auto,30,,1073741824
lltp,ILL/petri-nets/MCC,,,DLCround_dlcro_07_b_5_1.p,intuitionistic,auto,1,,5,0,3,provable,unknown,timeout,,two-sided,IMELL,22152,15,5004.427,3439428,3427720,8441,16569114,0,0,2048,4980.000,661.061,auto,30,,1073741824
lltp,ILL/petri-nets/MCC,,,DLCround_dlcro_12_a_1_1.p,intuitionistic,auto,1,,5,0,3,provable,proved,,ok,two-sided,IMELL,27214,69,1.332,3,0,2,279,0,0,2048,0.000,0.038,auto,30,0.201,1073741824
lltp,ILL/petri-nets/MCC,,,DLCshifumi_dlcsh_4_a_100_1.p,intuitionistic,auto,1,,5,0,3,provable,unknown,timeout,,two-sided,IMELL,58602,317,5037.205,205360,581,63744,5102032,0,0,2048,5020.000,475.345,auto,30,,1073741824
lltp,ILL/petri-nets/MCC,,,Diffusion2D_2D8_gradient_20x20_100_5_1.p,intuitionistic,auto,1,,5,0,3,provable,proved,,ok,two-sided,IMELL,12254,108,1132.148,21036,13232,6798,64207524,0,0,2048,1120.000,117.831,auto,30,0.134,1073741824
lltp,ILL/petri-nets/MCC,,,Diffusion2D_2D8_gradient_40x40_50_5_1.p,intuitionistic,auto,1,,5,0,3,provable,proved,,ok,two-sided,IMELL,49494,58,382.639,2701,1399,1156,9639160,0,0,2048,370.000,71.612,auto,30,0.501,1073741824
lltp,ILL/petri-nets/MCC,,,Echo_echo-d5r3_5_1.p,intuitionistic,auto,1,,5,0,3,provable,proved,,ok,two-sided,IMELL,57846,10,174.559,3307,1330,1819,2242261,0,0,2048,170.000,49.320,auto,30,0.338,1073741824
lltp,ILL/petri-nets/MCC,,,FlexibleBarrier_flexbar_18_b_5_1.p,intuitionistic,auto,1,,5,0,3,provable,unknown,timeout,,two-sided,IMELL,25322,325,5005.880,2734754,2713268,18551,22523550,0,0,2048,4980.000,778.865,auto,30,,1073741824
lltp,ILL/petri-nets/MCC,,,HypercubeGrid_hc3k4p4b12_5_1.p,intuitionistic,auto,1,,5,0,3,provable,unknown,timeout,,two-sided,IMELL,30334,43,5018.152,87833,24316,61568,58775003,0,0,2048,5000.000,1266.808,auto,30,,1073741824
lltp,ILL/petri-nets/MCC,,,NeoElection_neoelection-7.unf_10_1.p,intuitionistic,auto,1,,5,0,3,provable,unknown,timeout,,two-sided,IMELL,164394,2072,5010.583,4768,0,4765,7881357,0,0,2048,5000.000,186.008,auto,30,,1073741824
lltp,ILL/petri-nets/MCC,,,Philosophers-1000_1_1.p,intuitionistic,auto,1,,5,0,3,provable,proved,,ok,two-sided,IMELL,39996,5,10.904,5,0,2,9995,0,0,2048,10.000,0.024,auto,30,0.578,1073741824
lltp,ILL/petri-nets/MCC,,,PolyORBLF_PolyORB-LF-S04-J04-T08-unfolded_5_1.p,intuitionistic,auto,1,,5,0,3,provable,proved,,ok,two-sided,IMELL,115596,17188,125.367,244,80,82,499614,0,0,2048,110.000,24.005,auto,30,0.500,1073741824
lltp,ILL/petri-nets/MCC,,,Railroad_railroad-050-pt_50_1.p,intuitionistic,auto,1,,5,0,3,provable,proved,,ok,two-sided,IMELL,33174,2601,479.395,4554,21,3406,7491956,0,0,2048,470.000,85.759,auto,30,0.197,1073741824
lltp,ILL/petri-nets/MCC,,,RwMutex_rwmutex-r2000w10_1_1.p,intuitionistic,auto,1,,5,0,3,provable,proved,,ok,two-sided,IMELL,120116,12,6.179,7,0,4,17546,0,0,2048,10.000,0.563,auto,30,1.025,1073741824
lltp,ILL/petri-nets/MCC,,,SmallOperatingSystem-MT2048DC1024_1_1.p,intuitionistic,auto,1,,5,0,3,provable,proved,,ok,two-sided,IMELL,28720,2050,1.733,3,0,2,11264,0,0,2048,0.000,0.032,auto,30,1.120,1073741824
lltp,ILL/petri-nets/MCC,,,Angiogenesis_angiogenesis-15_20_1.p,intuitionistic,auto,1,,5,0,3,provable,unknown,timeout,,two-sided,IMELL,818,24,5003.879,702849,501094,110975,193728222,0,0,2048,4970.000,489.324,auto,30,,1073741824
lltp,ILL/petri-nets/MCC,,,AutoFlight_afcs_48_a_50_1.p,intuitionistic,auto,1,,5,0,3,provable,unknown,timeout,,two-sided,IMELL,7430,53,5025.914,705597,1,246373,163644274,0,0,2048,5000.000,1507.477,auto,30,,1073741824
lltp,ILL/petri-nets/MCC,,,CircadianClock_circadian_clock-001000_1_1.p,intuitionistic,auto,1,,5,0,3,provable,proved,,ok,two-sided,IMELL,20122,1004,1.428,3,0,2,11003,0,0,2048,0.000,0.020,auto,30,0.781,1073741824
lltp,ILL/petri-nets/MCC,,,ClientsAndServers-0010-1_100_1.p,intuitionistic,auto,1,,5,0,3,provable,unknown,timeout,,two-sided,IMELL,926,81,5001.456,485099,348922,28011,158595439,0,0,2048,4970.000,367.275,auto,30,,1073741824
lltp,ILL/petri-nets/MCC,,,ClientsAndServers-0020-3_50_1.p,intuitionistic,auto,1,,5,0,3,provable,unknown,timeout,,two-sided,IMELL,1626,161,5001.838,485099,348922,28011,93971611,0,0,2048,4970.000,587.453,auto,30,,1073741824
lltp,ILL/petri-nets/MCC,,,Diffusion2D_2D8_gradient_5x5_150_20_1.p,intuitionistic,auto,1,,5,0,3,provable,proved,,ok,two-sided,IMELL,1174,158,0.202,13,0,10,2083,0,0,2048,0.000,0.013,auto,30,0.037,1073741824
lltp,ILL/petri-nets/MCC,,,ERK_erk-001000_1_1.p,intuitionistic,auto,1,,5,0,3,provable,proved,,ok,two-sided,IMELL,20064,1002,1.318,3,0,2,5002,0,0,2048,0.000,0.014,auto,30,0.781,1073741824
lltp,ILL/petri-nets/MCC,,,Echo_echo-d2r9_100_1.p,intuitionistic,auto,1,,5,0,3,provable,unknown,timeout,,two-sided,IMELL,6910,5,5015.860,547445,353293,156118,211540949,0,0,2048,4990.000,803.205,auto,30,,1073741824
lltp,ILL/petri-nets/MCC,,,GPPP_G-PPP-1-1000_50_1.p,intuitionistic,auto,1,,5,0,3,provable,proved,,ok,two-sided,IMELL,36348,4005,165.213,1914,1057,331,1086912,0,0,2048,160.000,38.156,auto,30,1.405,1073741824
lltp,ILL/petri-nets/MCC,,,GPPP_G-PPP-100-1000_100_1.p,intuitionistic,auto,1,,5,0,3,provable,unknown,timeout,,two-sided,IMELL,55752,4680,5007.328,47950,32554,5875,474250594,0,0,2048,4990.000,1233.151,auto,30,,1073741824
lltp,ILL/petri-nets/MCC,,,HouseConstruction-100_5_1.p,intuitionistic,auto,1,,5,0,3,provable,proved,,ok,two-sided,IMELL,502,100,0.197,37,4,14,400,0,0,2048,0.000,0.013,auto,30,0.025,1073741824
lltp,ILL/petri-nets/MCC,,,JoinFreeModules_joinFree-10_50_1.p,intuitionistic,auto,1,,5,0,3,provable,unknown,timeout,,two-sided,IMELL,1926,23,5011.887,15263220,14783867,394113,64397409,0,0,2048,4980.000,1241.702,auto,30,,1073741824
lltp,ILL/petri-nets/MCC,,,Kanban-500_50_1.p,intuitionistic,auto,1,,5,0,3,provable,unknown,timeout,,two-sided,IMELL,8078,501,5003.641,163579,125413,12426,28810477,0,0,2048,4970.000,592.431,auto,30,,1073741824
lltp,ILL/petri-nets/MCC,,,MAPK-80_20_1.p,intuitionistic,auto,1,,5,0,3,provable,proved,,ok,two-sided,IMELL,1618,82,0.234,6,0,3,503,0,0,2048,0.000,0.016,auto,30,0.064,1073741824
lltp,ILL/petri-nets/MCC,,,PermAdmissibility_unf-8x8-4stageSEN-50_10_1.p,intuitionistic,auto,1,,5,0,3,provable,unknown,timeout,,two-sided,IMELL,8774,64,5007.680,147724,80418,54184,53794869,0,0,2048,4990.000,583.005,auto,30,,1073741824
lltp,ILL/petri-nets/MCC,,,Planning_planning_5_1.p,intuitionistic,auto,1,,5,0,3,provable,proved,,ok,two-sided,IMELL,1568,17,792.848,217076,147665,61966,45027119,0,0,2048,780.000,93.069,auto,30,0.032,1073741824
lltp,ILL/petri-nets/MCC,,,QuasiCertifProtocol_QCertifProtocol_32-unfold_20_1.p,intuitionistic,auto,1,,5,0,3,provable,unknown,timeout,,two-sided,IMELL,16716,231,5002.184,4,0,1,46233593,0,0,2048,4970.000,730.045,auto,30,,1073741824
lltp,ILL/petri-nets/MCC,,,ResAllocation_RAS-C-50_100_1.p,intuitionistic,auto,1,,5,0,3,provable,unknown,timeout,,two-sided,IMELL,2240,3,5008.566,4204548,3926768,260020,71761688,0,0,2048,4980.000,507.437,auto,30,,1073741824
lltp,ILL/petri-nets/MCC,,,RobotManipulation_robot-manipulation-500_10_1.p,intuitionistic,auto,1,,5,0,3,provable,proved,,ok,two-sided,IMELL,12068,1002,2.686,21,1,8,141365,0,0,2048,0.000,0.154,auto,30,0.481,1073741824
lltp,ILL/petri-nets/MCC,,,SmallOperatingSystem-MT0064DC0016_1_1.p,intuitionistic,auto,1,,5,0,3,provable,proved,,ok,two-sided,IMELL,752,66,0.134,3,0,2,304,0,0,2048,0.000,0.010,auto,30,0.033,1073741824
lltp,ILL/petri-nets/MCC,,,SmallOperatingSystem-MT0512DC0128_1_1.p,intuitionistic,auto,1,,5,0,3,provable,proved,,ok,two-sided,IMELL,5680,514,0.386,3,0,2,2432,0,0,2048,0.000,0.010,auto,30,0.230,1073741824
lltp,ILL/petri-nets/MCC,,,Solitaire_soli2_counter_20_1.p,intuitionistic,auto,1,,5,0,3,provable,unknown,timeout,,two-sided,IMELL,1538,108,5005.529,936087,498142,358384,181340048,0,0,2048,4980.000,627.084,auto,30,,1073741824
lltp,ILL/petri-nets/MCC,,,SwimmingPool-4_10_1.p,intuitionistic,auto,1,,5,0,3,provable,proved,,ok,two-sided,IMELL,758,81,4.309,495,203,95,131562,0,0,2048,0.000,0.828,auto,30,0.035,1073741824
lltp,ILL/petri-nets/MCC,,,SwimmingPool-9_5_1.p,intuitionistic,auto,1,,5,0,3,provable,proved,,ok,two-sided,IMELL,1658,181,0.397,36,4,13,6008,0,0,2048,0.000,0.013,auto,30,0.068,1073741824
lltp,ILL/petri-nets/MCC,,,AutoFlight_afcs_05_a_1_1.p,intuitionistic,auto,1,,5,0,3,provable,proved,,ok,two-sided,IMELL,906,8,0.156,3,0,2,35,0,0,2048,0.000,0.017,auto,30,0.017,1073741824
lltp,ILL/petri-nets/MCC,,,ClientsAndServers-0005-0_1_1.p,intuitionistic,auto,1,,5,0,3,provable,proved,,ok,two-sided,IMELL,448,41,0.101,3,0,2,179,0,0,2048,0.000,0.010,auto,30,0.019,1073741824
lltp,ILL/petri-nets/MCC,,,DES_des_00_a_20_1.p,intuitionistic,auto,1,,5,0,3,provable,proved,,ok,two-sided,IMELL,832,7,2949.723,718236,529396,63499,157499100,0,0,2048,2930.000,319.122,auto,30,0.027,1073741824
lltp,ILL/petri-nets/MCC,,,IOTPpurchase_IOTP_c5m4p3d2_1_1.p,intuitionistic,auto,1,,5,0,3,provable,proved,,ok,two-sided,IMELL,554,6,0.142,3,0,2,39,0,0,2048,0.000,0.013,auto,30,0.013,1073741824
lltp,ILL/petri-nets/MCC,,,Parking_parking_2_8_5_1.p,intuitionistic,auto,1,,5,0,3,provable,unknown,timeout,,two-sided,IMELL,1250,11,5010.638,471692,4,471680,353724146,0,0,2048,4980.000,226.915,auto,30,,1073741824
lltp,ILL/petri-nets/MCC,,,PermAdmissibility_unf-8x8-4stageSEN-05_100_1.p,intuitionistic,auto,1,,5,0,3,provable,unknown,timeout,,two-sided,IMELL,7144,64,5017.073,462525,261121,160898,222567297,0,0,2048,4990.000,918.962,auto,30,,1073741824
lltp,ILL/petri-nets/MCC,,,PhaseVariation_5-10_phaseVariation_50_1.p,intuitionistic,auto,1,,5,0,3,provable,unknown,timeout,,two-sided,IMELL,9658,687,5013.592,113870,23062,87376,63905933,0,0,2048,4990.000,285.917,auto,30,,1073741824
lltp,ILL/petri-nets/MCC,,,ResAllocation_RAS-R-15_10_1.p,intuitionistic,auto,1,,5,0,3,provable,proved,,ok,two-sided,IMELL,410,3,1.719,7035,6370,294,36116,0,0,2048,0.000,0.648,auto,30,0.016,1073741824
lltp,ILL/petri-nets/MCC,,,RobotManipulation_robot-manipulation-5_1_1.p,intuitionistic,auto,1,,5,0,3,provable,proved,,ok,two-sided,IMELL,192,12,0.090,3,0,2,56,0,0,2048,0.000,0.010,auto,30,0.009,1073741824
lltp,ILL/petri-nets/MCC,,,RwMutex_rwmutex-r10w100_1_1.p,intuitionistic,auto,1,,5,0,3,provable,proved,,ok,two-sided,IMELL,5378,102,0.315,3,0,2,306,0,0,2048,0.000,0.011,auto,30,0.043,1073741824
lltp,ILL/petri-nets/MCC,,,SafeBus-10-unfolded_1_1.p,intuitionistic,auto,1,,5,0,3,provable,proved,,ok,two-sided,IMELL,22868,1191,0.985,3,0,2,132,0,0,2048,0.000,0.030,auto,30,0.119,1073741824
lltp,ILL/petri-nets/MCC,,,SimpleLoadBal_simple_lbs-15_50_1.p,intuitionistic,auto,1,,5,0,3,provable,unknown,timeout,,two-sided,IMELL,18082,1142,5015.237,321323,240810,56963,85949822,0,0,2048,5000.000,1156.656,auto,30,,1073741824
lltp,ILL/petri-nets/MCC,,,TCPcondis_tcp30_50_1.p,intuitionistic,auto,1,,5,0,3,provable,unknown,timeout,,two-sided,IMELL,512,32,5004.887,7749468,7233177,297721,92879943,0,0,2048,4970.000,659.026,auto,30,,1073741824
lltp,ILL/petri-nets/MCC,,,DatabaseWithMutex_database20UNFOLD_5_1.p,intuitionistic,auto,1,,5,0,3,provable,unknown,timeout,,two-sided,IMELL,46672,21,5004.153,155766,21920,40000,98741561,0,0,16384,4990.000,375.340,auto,30,,1073741824
lltp,ILL/petri-nets/MCC,,,Diffusion2D_2D8_gradient_20x20_50_1_1.p,intuitionistic,auto,1,,5,0,3,provable,proved,,ok,two-sided,IMELL,12054,58,0.614,3,0,2,52,0,0,16384,0.000,0.019,auto,30,0.122,1073741824
lltp,ILL/petri-nets/MCC,,,TokenRing-15-unfolded_1_1.p,intuitionistic,auto,1,,5,0,3,provable,proved,,ok,two-sided,IMELL,28990,31,1.166,3,0,2,130,0,0,16384,0.000,0.033,auto,30,0.195,1073741824
lltp,ILL/petri-nets/MCC,,,TokenRing-20-unfolded_1_1.p,intuitionistic,auto,1,,5,0,3,provable,proved,,ok,two-sided,IMELL,67450,41,2.606,3,0,2,91,0,0,16384,0.000,0.036,auto,30,0.422,1073741824
family,qbf,16,0,qbf/16#0,classical,auto,1,,300,0,3,provable,proved,,ok,focus,MALL,399,9,6.974,14615,0,14615,22146,0,0,2048,0.000,0.023,auto,30,1.262,1073741824
family,qbf,16,0,qbf/16#0,classical,auto,1,,300,1,3,provable,proved,,ok,focus,MALL,399,9,7.118,14615,0,14615,22146,0,0,2048,0.000,0.061,auto,30,1.281,1073741824
family,qbf,16,0,qbf/16#0,classical,auto,1,,300,2,3,provable,proved,,ok,focus,MALL,399,9,6.901,14615,0,14615,22146,0,0,2048,0.000,0.028,auto,30,1.373,1073741824
family,qbf,16,1,qbf/16#1,classical,auto,1,,300,0,3,unprovable,unprovable,,,focus,MALL,399,7,1.175,2502,0,2502,4090,0,0,2048,0.000,0.000,auto,30,,1073741824
family,qbf,16,1,qbf/16#1,classical,auto,1,,300,1,3,unprovable,unprovable,,,focus,MALL,399,7,1.178,2502,0,2502,4090,0,0,2048,0.000,0.000,auto,30,,1073741824
family,qbf,16,1,qbf/16#1,classical,auto,1,,300,2,3,unprovable,unprovable,,,focus,MALL,399,7,1.192,2502,0,2502,4090,0,0,2048,0.000,0.000,auto,30,,1073741824
family,qbf,16,2,qbf/16#2,classical,auto,1,,300,0,3,unprovable,unprovable,,,focus,MALL,399,6,1.918,3975,0,3975,6214,0,0,2048,0.000,0.018,auto,30,,1073741824
family,qbf,16,2,qbf/16#2,classical,auto,1,,300,1,3,unprovable,unprovable,,,focus,MALL,399,6,1.881,3975,0,3975,6214,0,0,2048,0.000,0.018,auto,30,,1073741824
family,qbf,16,2,qbf/16#2,classical,auto,1,,300,2,3,unprovable,unprovable,,,focus,MALL,399,6,1.883,3975,0,3975,6214,0,0,2048,0.000,0.017,auto,30,,1073741824
family,qbf,16,3,qbf/16#3,classical,auto,1,,300,0,3,provable,proved,,ok,focus,MALL,399,8,6.188,12420,0,12420,19728,0,0,2048,0.000,0.027,auto,30,1.387,1073741824
family,qbf,16,3,qbf/16#3,classical,auto,1,,300,1,3,provable,proved,,ok,focus,MALL,399,8,6.100,12420,0,12420,19728,0,0,2048,0.000,0.026,auto,30,1.385,1073741824
family,qbf,16,3,qbf/16#3,classical,auto,1,,300,2,3,provable,proved,,ok,focus,MALL,399,8,6.029,12420,0,12420,19728,0,0,2048,0.000,0.018,auto,30,1.373,1073741824
family,qbf,20,0,qbf/20#0,classical,auto,1,,300,0,3,unprovable,unprovable,,,focus,MALL,499,8,5.905,11161,0,11161,17161,0,0,2048,0.000,0.028,auto,30,,1073741824
family,qbf,20,0,qbf/20#0,classical,auto,1,,300,1,3,unprovable,unprovable,,,focus,MALL,499,8,5.742,11161,0,11161,17161,0,0,2048,0.000,0.016,auto,30,,1073741824
family,qbf,20,0,qbf/20#0,classical,auto,1,,300,2,3,unprovable,unprovable,,,focus,MALL,499,8,5.555,11161,0,11161,17161,0,0,2048,0.000,0.033,auto,30,,1073741824
family,qbf,20,1,qbf/20#1,classical,auto,1,,300,0,3,unprovable,unprovable,,,focus,MALL,499,6,9.119,17781,0,17781,26685,0,0,2048,0.000,0.025,auto,30,,1073741824
family,qbf,20,1,qbf/20#1,classical,auto,1,,300,1,3,unprovable,unprovable,,,focus,MALL,499,6,8.928,17781,0,17781,26685,0,0,2048,0.000,0.021,auto,30,,1073741824
family,qbf,20,1,qbf/20#1,classical,auto,1,,300,2,3,unprovable,unprovable,,,focus,MALL,499,6,8.885,17781,0,17781,26685,0,0,2048,0.000,0.022,auto,30,,1073741824
family,qbf,20,2,qbf/20#2,classical,auto,1,,300,0,3,provable,proved,,ok,focus,MALL,499,7,33.959,60883,0,60883,97394,0,0,2048,20.000,0.041,auto,30,7.029,1073741824
family,qbf,20,2,qbf/20#2,classical,auto,1,,300,1,3,provable,proved,,ok,focus,MALL,499,7,33.087,60883,0,60883,97394,0,0,2048,30.000,0.043,auto,30,6.790,1073741824
family,qbf,20,2,qbf/20#2,classical,auto,1,,300,2,3,provable,proved,,ok,focus,MALL,499,7,33.368,60883,0,60883,97394,0,0,2048,20.000,0.047,auto,30,6.766,1073741824
family,qbf,20,3,qbf/20#3,classical,auto,1,,300,0,3,unprovable,unprovable,,,focus,MALL,499,7,5.378,10639,0,10639,16467,0,0,2048,0.000,0.014,auto,30,,1073741824
family,qbf,20,3,qbf/20#3,classical,auto,1,,300,1,3,unprovable,unprovable,,,focus,MALL,499,7,5.306,10639,0,10639,16467,0,0,2048,0.000,0.027,auto,30,,1073741824
family,qbf,20,3,qbf/20#3,classical,auto,1,,300,2,3,unprovable,unprovable,,,focus,MALL,499,7,5.555,10639,0,10639,16467,0,0,2048,0.000,0.023,auto,30,,1073741824
family,counter,8,0,counter/8,classical,auto,1,,300,0,3,provable,proved,,ok,focus,MELL,27,8,0.119,47,5,9,151,0,0,2048,0.000,0.014,auto,30,0.006,1073741824
family,counter,8,0,counter/8,classical,auto,1,,300,1,3,provable,proved,,ok,focus,MELL,27,8,0.106,47,5,9,151,0,0,2048,0.000,0.011,auto,30,0.004,1073741824
family,counter,8,0,counter/8,classical,auto,1,,300,2,3,provable,proved,,ok,focus,MELL,27,8,0.103,47,5,9,151,0,0,2048,0.000,0.010,auto,30,0.004,1073741824
family,counter,8,0,counter/8,intuitionistic,auto,1,,300,0,3,,proved,,ok,two-sided,IMELL,27,8,0.108,47,5,9,151,0,0,2048,0.000,0.010,auto,30,0.005,1073741824
family,counter,8,0,counter/8,intuitionistic,auto,1,,300,1,3,,proved,,ok,two-sided,IMELL,27,8,0.097,47,5,9,151,0,0,2048,0.000,0.009,auto,30,0.005,1073741824
family,counter,8,0,counter/8,intuitionistic,auto,1,,300,2,3,,proved,,ok,two-sided,IMELL,27,8,0.107,47,5,9,151,0,0,2048,0.000,0.010,auto,30,0.005,1073741824
family,counter,16,0,counter/16,classical,auto,1,,300,0,4,provable,proved,,ok,focus,MELL,41,16,0.252,404,129,35,1529,0,0,2048,0.000,0.011,auto,30,0.006,1073741824
family,counter,16,0,counter/16,classical,auto,1,,300,1,4,provable,proved,,ok,focus,MELL,41,16,0.240,404,129,35,1529,0,0,2048,0.000,0.010,auto,30,0.006,1073741824
family,counter,16,0,counter/16,classical,auto,1,,300,2,4,provable,proved,,ok,focus,MELL,41,16,0.258,404,129,35,1529,0,0,2048,0.000,0.010,auto,30,0.006,1073741824
family,counter,16,0,counter/16,intuitionistic,auto,1,,300,0,4,,proved,,ok,two-sided,IMELL,41,16,0.245,404,129,35,1529,0,0,2048,0.000,0.010,auto,30,0.007,1073741824
family,counter,16,0,counter/16,intuitionistic,auto,1,,300,1,4,,proved,,ok,two-sided,IMELL,41,16,0.239,404,129,35,1529,0,0,2048,0.000,0.010,auto,30,0.007,1073741824
family,counter,16,0,counter/16,intuitionistic,auto,1,,300,2,4,,proved,,ok,two-sided,IMELL,41,16,0.234,404,129,35,1529,0,0,2048,0.000,0.009,auto,30,0.006,1073741824
family,counter-over,8,0,counter-over/8,classical,auto,1,,300,0,3,unprovable,unprovable,,,focus,MELL,29,8,0.110,64,9,16,245,0,0,2048,0.000,0.010,auto,30,,1073741824
family,counter-over,8,0,counter-over/8,classical,auto,1,,300,1,3,unprovable,unprovable,,,focus,MELL,29,8,0.113,64,9,16,245,0,0,2048,0.000,0.010,auto,30,,1073741824
family,counter-over,8,0,counter-over/8,classical,auto,1,,300,2,3,unprovable,unprovable,,,focus,MELL,29,8,0.166,64,9,16,245,0,0,2048,0.000,0.053,auto,30,,1073741824
family,counter-over,8,0,counter-over/8,intuitionistic,auto,1,,300,0,3,,unprovable,,,two-sided,IMELL,29,8,0.118,64,9,16,245,0,0,2048,0.000,0.010,auto,30,,1073741824
family,counter-over,8,0,counter-over/8,intuitionistic,auto,1,,300,1,3,,unprovable,,,two-sided,IMELL,29,8,0.106,64,9,16,245,0,0,2048,0.000,0.010,auto,30,,1073741824
family,counter-over,8,0,counter-over/8,intuitionistic,auto,1,,300,2,3,,unprovable,,,two-sided,IMELL,29,8,0.105,64,9,16,245,0,0,2048,0.000,0.010,auto,30,,1073741824
family,growing,16,0,growing/16,classical,auto,1,,300,0,16,unprovable,unknown,copy_bound,,focus,MELL,9,3,0.346,1396,435,61,900,0,0,2048,0.000,0.000,auto,30,,1073741824
family,growing,16,0,growing/16,classical,auto,1,,300,1,16,unprovable,unknown,copy_bound,,focus,MELL,9,3,0.340,1396,435,61,900,0,0,2048,0.000,0.000,auto,30,,1073741824
family,growing,16,0,growing/16,classical,auto,1,,300,2,16,unprovable,unknown,copy_bound,,focus,MELL,9,3,0.335,1396,435,61,900,0,0,2048,0.000,0.000,auto,30,,1073741824
family,growing,64,0,growing/64,classical,auto,1,,300,0,64,unprovable,unknown,copy_bound,,focus,MELL,9,3,1.559,6241,2016,129,4096,0,0,2048,0.000,0.009,auto,30,,1073741824
family,growing,64,0,growing/64,classical,auto,1,,300,1,64,unprovable,unknown,copy_bound,,focus,MELL,9,3,1.561,6241,2016,129,4096,0,0,2048,0.000,0.018,auto,30,,1073741824
family,growing,64,0,growing/64,classical,auto,1,,300,2,64,unprovable,unknown,copy_bound,,focus,MELL,9,3,1.619,6241,2016,129,4096,0,0,2048,0.000,0.035,auto,30,,1073741824
family,growing,256,0,growing/256,classical,auto,1,,300,0,256,unprovable,unknown,copy_bound,,focus,MELL,9,3,45.422,98689,32640,513,65536,0,0,2048,40.000,0.061,auto,30,,1073741824
family,growing,256,0,growing/256,classical,auto,1,,300,1,256,unprovable,unknown,copy_bound,,focus,MELL,9,3,45.347,98689,32640,513,65536,0,0,2048,40.000,0.043,auto,30,,1073741824
family,growing,256,0,growing/256,classical,auto,1,,300,2,256,unprovable,unknown,copy_bound,,focus,MELL,9,3,45.458,98689,32640,513,65536,0,0,2048,40.000,0.073,auto,30,,1073741824
family,growing,1024,0,growing/1024,classical,auto,1,,300,0,1024,unprovable,unknown,recursion_limit,,focus,MELL,9,3,291.461,392961,130305,1023,261633,0,0,2048,290.000,0.185,auto,30,,1073741824
family,growing,1024,0,growing/1024,classical,auto,1,,300,1,1024,unprovable,unknown,recursion_limit,,focus,MELL,9,3,291.416,392961,130305,1023,261633,0,0,2048,290.000,0.194,auto,30,,1073741824
family,growing,1024,0,growing/1024,classical,auto,1,,300,2,1024,unprovable,unknown,recursion_limit,,focus,MELL,9,3,291.812,392961,130305,1023,261633,0,0,2048,290.000,0.197,auto,30,,1073741824
family,chain,16,0,chain/16,classical,auto,1,,300,0,18,provable,proved,,ok,focus,LL,98,2,0.162,253,98,33,1817,0,0,2048,0.000,0.000,auto,30,0.006,1073741824
family,chain,16,0,chain/16,classical,auto,1,,300,1,18,provable,proved,,ok,focus,LL,98,2,0.152,253,98,33,1817,0,0,2048,0.000,0.000,auto,30,0.004,1073741824
family,chain,16,0,chain/16,classical,auto,1,,300,2,18,provable,proved,,ok,focus,LL,98,2,0.168,253,98,33,1817,0,0,2048,0.000,0.000,auto,30,0.004,1073741824
family,chain,64,0,chain/64,classical,auto,1,,300,0,66,provable,proved,,ok,focus,LL,386,2,5.012,4069,1922,129,127073,0,0,2048,0.000,0.035,auto,30,0.011,1073741824
family,chain,64,0,chain/64,classical,auto,1,,300,1,66,provable,proved,,ok,focus,LL,386,2,5.089,4069,1922,129,127073,0,0,2048,0.000,0.013,auto,30,0.011,1073741824
family,chain,64,0,chain/64,classical,auto,1,,300,2,66,provable,proved,,ok,focus,LL,386,2,5.149,4069,1922,129,127073,0,0,2048,0.000,0.013,auto,30,0.011,1073741824
family,chain,128,0,chain/128,classical,auto,1,,300,0,130,provable,proved,,ok,focus,LL,770,2,40.110,16325,7938,257,1032385,0,0,2048,30.000,0.042,auto,30,0.017,1073741824
family,chain,128,0,chain/128,classical,auto,1,,300,1,130,provable,proved,,ok,focus,LL,770,2,40.466,16325,7938,257,1032385,0,0,2048,40.000,0.036,auto,30,0.020,1073741824
family,chain,128,0,chain/128,classical,auto,1,,300,2,130,provable,proved,,ok,focus,LL,770,2,40.280,16325,7938,257,1032385,0,0,2048,40.000,0.038,auto,30,0.021,1073741824
family,chain,256,0,chain/256,classical,auto,1,,300,0,258,provable,proved,,ok,focus,LL,1538,2,335.747,65413,32258,513,8323457,0,0,2048,330.000,0.189,auto,30,0.036,1073741824
family,chain,256,0,chain/256,classical,auto,1,,300,1,258,provable,proved,,ok,focus,LL,1538,2,333.520,65413,32258,513,8323457,0,0,2048,330.000,0.194,auto,30,0.034,1073741824
family,chain,256,0,chain/256,classical,auto,1,,300,2,258,provable,proved,,ok,focus,LL,1538,2,334.159,65413,32258,513,8323457,0,0,2048,330.000,0.237,auto,30,0.038,1073741824
family,wide-m3,24,0,wide-m3/24,classical,auto,1,,300,0,3,provable,proved,,ok,focus,MLL,167,3,0.098,25,0,25,454,0,0,2048,0.000,0.000,auto,30,0.009,1073741824
family,wide-m3,24,0,wide-m3/24,classical,auto,1,,300,1,3,provable,proved,,ok,focus,MLL,167,3,0.095,25,0,25,454,0,0,2048,0.000,0.000,auto,30,0.008,1073741824
family,wide-m3,24,0,wide-m3/24,classical,auto,1,,300,2,3,provable,proved,,ok,focus,MLL,167,3,0.093,25,0,25,454,0,0,2048,0.000,0.000,auto,30,0.008,1073741824
family,wide-m3,30,0,wide-m3/30,classical,auto,1,,300,0,3,provable,proved,,ok,focus,MLL,209,3,0.117,31,0,31,688,0,0,2048,0.000,0.000,auto,30,0.011,1073741824
family,wide-m3,30,0,wide-m3/30,classical,auto,1,,300,1,3,provable,proved,,ok,focus,MLL,209,3,0.116,31,0,31,688,0,0,2048,0.000,0.000,auto,30,0.010,1073741824
family,wide-m3,30,0,wide-m3/30,classical,auto,1,,300,2,3,provable,proved,,ok,focus,MLL,209,3,0.120,31,0,31,688,0,0,2048,0.000,0.000,auto,30,0.010,1073741824
family,wide-m4,24,0,wide-m4/24,classical,auto,1,,300,0,3,provable,proved,,ok,focus,MLL,167,4,0.096,25,0,25,430,0,0,2048,0.000,0.000,auto,30,0.008,1073741824
family,wide-m4,24,0,wide-m4/24,classical,auto,1,,300,1,3,provable,proved,,ok,focus,MLL,167,4,0.087,25,0,25,430,0,0,2048,0.000,0.000,auto,30,0.008,1073741824
family,wide-m4,24,0,wide-m4/24,classical,auto,1,,300,2,3,provable,proved,,ok,focus,MLL,167,4,0.090,25,0,25,430,0,0,2048,0.000,0.000,auto,30,0.008,1073741824
family,wide-m4,28,0,wide-m4/28,classical,auto,1,,300,0,3,provable,proved,,ok,focus,MLL,195,4,0.106,29,0,29,572,0,0,2048,0.000,0.000,auto,30,0.010,1073741824
family,wide-m4,28,0,wide-m4/28,classical,auto,1,,300,1,3,provable,proved,,ok,focus,MLL,195,4,0.105,29,0,29,572,0,0,2048,0.000,0.000,auto,30,0.010,1073741824
family,wide-m4,28,0,wide-m4/28,classical,auto,1,,300,2,3,provable,proved,,ok,focus,MLL,195,4,0.103,29,0,29,572,0,0,2048,0.000,0.000,auto,30,0.010,1073741824
file,partition-table,,,partition-table/1-1,classical,auto,1,,300,0,3,provable,proved,,ok,net,MLL,28,2,0.044,15,0,0,0,20,20,2048,0.000,0.000,auto,30,0.003,1073741824
file,partition-table,,,partition-table/1-1,classical,auto,1,,300,1,3,provable,proved,,ok,net,MLL,28,2,0.045,15,0,0,0,20,20,2048,0.000,0.000,auto,30,0.003,1073741824
file,partition-table,,,partition-table/1-1,classical,auto,1,,300,2,3,provable,proved,,ok,net,MLL,28,2,0.041,15,0,0,0,20,20,2048,0.000,0.000,auto,30,0.003,1073741824
file,partition-table,,,partition-table/1-3,classical,auto,1,,300,0,3,unprovable,unprovable,,,focus,MLL,44,4,0.039,13,4,9,59,0,0,2048,0.000,0.000,auto,30,,1073741824
file,partition-table,,,partition-table/1-3,classical,auto,1,,300,1,3,unprovable,unprovable,,,focus,MLL,44,4,0.040,13,4,9,59,0,0,2048,0.000,0.000,auto,30,,1073741824
file,partition-table,,,partition-table/1-3,classical,auto,1,,300,2,3,unprovable,unprovable,,,focus,MLL,44,4,0.040,13,4,9,59,0,0,2048,0.000,0.000,auto,30,,1073741824
file,partition-table,,,partition-table/2-1-1,classical,auto,1,,300,0,3,provable,proved,,ok,focus,MLL,50,4,0.057,15,2,13,57,0,0,2048,0.000,0.000,auto,30,0.004,1073741824
file,partition-table,,,partition-table/2-1-1,classical,auto,1,,300,1,3,provable,proved,,ok,focus,MLL,50,4,0.053,15,2,13,57,0,0,2048,0.000,0.000,auto,30,0.004,1073741824
file,partition-table,,,partition-table/2-1-1,classical,auto,1,,300,2,3,provable,proved,,ok,focus,MLL,50,4,0.055,15,2,13,57,0,0,2048,0.000,0.000,auto,30,0.004,1073741824
file,partition-table,,,partition-table/1-1-4,classical,auto,1,,300,0,3,unprovable,unprovable,,,focus,MLL,66,6,0.063,55,28,27,233,0,0,2048,0.000,0.000,auto,30,,1073741824
file,partition-table,,,partition-table/1-1-4,classical,auto,1,,300,1,3,unprovable,unprovable,,,focus,MLL,66,6,0.069,55,28,27,233,0,0,2048,0.000,0.000,auto,30,,1073741824
file,partition-table,,,partition-table/1-1-4,classical,auto,1,,300,2,3,unprovable,unprovable,,,focus,MLL,66,6,0.067,55,28,27,233,0,0,2048,0.000,0.000,auto,30,,1073741824
file,partition-table,,,partition-table/2-2-1-1,classical,auto,1,,300,0,3,provable,proved,,ok,focus,MLL,72,6,0.068,28,7,21,124,0,0,2048,0.000,0.000,auto,30,0.005,1073741824
file,partition-table,,,partition-table/2-2-1-1,classical,auto,1,,300,1,3,provable,proved,,ok,focus,MLL,72,6,0.069,28,7,21,124,0,0,2048,0.000,0.000,auto,30,0.005,1073741824
file,partition-table,,,partition-table/2-2-1-1,classical,auto,1,,300,2,3,provable,proved,,ok,focus,MLL,72,6,0.072,28,7,21,124,0,0,2048,0.000,0.000,auto,30,0.004,1073741824
file,partition-table,,,partition-table/1-2-5,classical,auto,1,,300,0,3,unprovable,unprovable,,,focus,MLL,82,8,0.059,55,28,27,251,0,0,2048,0.000,0.000,auto,30,,1073741824
file,partition-table,,,partition-table/1-2-5,classical,auto,1,,300,1,3,unprovable,unprovable,,,focus,MLL,82,8,0.065,55,28,27,251,0,0,2048,0.000,0.000,auto,30,,1073741824
file,partition-table,,,partition-table/1-2-5,classical,auto,1,,300,2,3,unprovable,unprovable,,,focus,MLL,82,8,0.063,55,28,27,251,0,0,2048,0.000,0.000,auto,30,,1073741824
file,partition-table,,,partition-table/1-1-2-4,classical,auto,1,,300,0,3,provable,proved,,ok,focus,MLL,88,8,0.060,11,0,11,39,0,0,2048,0.000,0.000,auto,30,0.005,1073741824
file,partition-table,,,partition-table/1-1-2-4,classical,auto,1,,300,1,3,provable,proved,,ok,focus,MLL,88,8,0.079,11,0,11,39,0,0,2048,0.000,0.000,auto,30,0.005,1073741824
file,partition-table,,,partition-table/1-1-2-4,classical,auto,1,,300,2,3,provable,proved,,ok,focus,MLL,88,8,0.067,11,0,11,39,0,0,2048,0.000,0.000,auto,30,0.006,1073741824
file,partition-table,,,partition-table/1-1-1-5,classical,auto,1,,300,0,3,unprovable,unprovable,,,focus,MLL,88,8,0.127,217,136,81,863,0,0,2048,0.000,0.000,auto,30,,1073741824
file,partition-table,,,partition-table/1-1-1-5,classical,auto,1,,300,1,3,unprovable,unprovable,,,focus,MLL,88,8,0.125,217,136,81,863,0,0,2048,0.000,0.000,auto,30,,1073741824
file,partition-table,,,partition-table/1-1-1-5,classical,auto,1,,300,2,3,unprovable,unprovable,,,focus,MLL,88,8,0.130,217,136,81,863,0,0,2048,0.000,0.000,auto,30,,1073741824
file,partition-table,,,partition-table/2-3-2-1,classical,auto,1,,300,0,3,provable,proved,,ok,focus,MLL,88,8,0.075,28,7,21,132,0,0,2048,0.000,0.000,auto,30,0.007,1073741824
file,partition-table,,,partition-table/2-3-2-1,classical,auto,1,,300,1,3,provable,proved,,ok,focus,MLL,88,8,0.071,28,7,21,132,0,0,2048,0.000,0.000,auto,30,0.006,1073741824
file,partition-table,,,partition-table/2-3-2-1,classical,auto,1,,300,2,3,provable,proved,,ok,focus,MLL,88,8,0.071,28,7,21,132,0,0,2048,0.000,0.000,auto,30,0.006,1073741824
file,partition-table,,,partition-table/3-3-3-1,classical,auto,1,,300,0,3,unprovable,unprovable,,,focus,MLL,104,10,0.139,217,136,81,939,0,0,2048,0.000,0.000,auto,30,,1073741824
file,partition-table,,,partition-table/3-3-3-1,classical,auto,1,,300,1,3,unprovable,unprovable,,,focus,MLL,104,10,0.130,217,136,81,939,0,0,2048,0.000,0.000,auto,30,,1073741824
file,partition-table,,,partition-table/3-3-3-1,classical,auto,1,,300,2,3,unprovable,unprovable,,,focus,MLL,104,10,0.143,217,136,81,939,0,0,2048,0.000,0.000,auto,30,,1073741824
file,partition-table,,,partition-table/1-2-3-4-5-5,classical,auto,1,,300,0,3,provable,proved,,ok,focus,MLL,196,20,0.099,21,2,19,127,0,0,2048,0.000,0.000,auto,30,0.011,1073741824
file,partition-table,,,partition-table/1-2-3-4-5-5,classical,auto,1,,300,1,3,provable,proved,,ok,focus,MLL,196,20,0.087,21,2,19,127,0,0,2048,0.000,0.000,auto,30,0.010,1073741824
file,partition-table,,,partition-table/1-2-3-4-5-5,classical,auto,1,,300,2,3,provable,proved,,ok,focus,MLL,196,20,0.099,21,2,19,127,0,0,2048,0.000,0.000,auto,30,0.011,1073741824
file,partition-table,,,partition-table/1-1-1-1-1-7,classical,auto,1,,300,0,3,unprovable,unprovable,,,focus,MLL,132,12,1.089,2917,2188,729,10691,0,0,2048,0.000,0.000,auto,30,,1073741824
file,partition-table,,,partition-table/1-1-1-1-1-7,classical,auto,1,,300,1,3,unprovable,unprovable,,,focus,MLL,132,12,1.082,2917,2188,729,10691,0,0,2048,0.000,0.000,auto,30,,1073741824
file,partition-table,,,partition-table/1-1-1-1-1-7,classical,auto,1,,300,2,3,unprovable,unprovable,,,focus,MLL,132,12,1.090,2917,2188,729,10691,0,0,2048,0.000,0.000,auto,30,,1073741824
file,partition-table,,,partition-table/2-2-2-2-2-2-9-1,classical,auto,1,,300,0,3,provable,proved,,ok,focus,MLL,224,22,0.116,45,12,33,298,0,0,2048,0.000,0.000,auto,30,0.011,1073741824
file,partition-table,,,partition-table/2-2-2-2-2-2-9-1,classical,auto,1,,300,1,3,provable,proved,,ok,focus,MLL,224,22,0.126,45,12,33,298,0,0,2048,0.000,0.000,auto,30,0.013,1073741824
file,partition-table,,,partition-table/2-2-2-2-2-2-9-1,classical,auto,1,,300,2,3,provable,proved,,ok,focus,MLL,224,22,0.113,45,12,33,298,0,0,2048,0.000,0.000,auto,30,0.012,1073741824
file,chain-over,,,chain-over/12,intuitionistic,auto,1,,300,0,3,unprovable,unknown,copy_bound,,two-sided,ILL,76,2,0.188,96,37,32,414,0,0,2048,0.000,0.002,auto,30,,1073741824
file,chain-over,,,chain-over/12,intuitionistic,auto,1,,300,1,3,unprovable,unknown,copy_bound,,two-sided,ILL,76,2,0.169,96,37,32,414,0,0,2048,0.000,0.002,auto,30,,1073741824
file,chain-over,,,chain-over/12,intuitionistic,auto,1,,300,2,3,unprovable,unknown,copy_bound,,two-sided,ILL,76,2,0.165,96,37,32,414,0,0,2048,0.000,0.002,auto,30,,1073741824
file,cancellation,,,cancellation/3-partition-4,classical,auto,1,,300,0,3,provable,proved,,ok,focus,MALL,123,8,0.281,925,713,212,2794,0,0,2048,0.000,0.000,auto,30,0.001,1073741824
file,cancellation,,,cancellation/3-partition-4,classical,auto,1,,300,1,3,provable,proved,,ok,focus,MALL,123,8,0.286,925,713,212,2794,0,0,2048,0.000,0.000,auto,30,0.001,1073741824
file,cancellation,,,cancellation/3-partition-4,classical,auto,1,,300,2,3,provable,proved,,ok,focus,MALL,123,8,0.287,925,713,212,2794,0,0,2048,0.000,0.000,auto,30,0.001,1073741824
