source,family,size,index,problem,mode,engine_requested,jobs,portfolio,test_period,timeout_s,run,copies,expected,verdict,reason,checked,engine,fragment,occurrences,multiplicity,time_ms,nodes,memo_hits,memo_entries,splits,links,tests,recursion_limit,cpu_ms,wait_ms,bias,forward_copies,check_ms
family,3-partition-no,4,0,3-partition-no/4,classical,auto,1,false,,300,0,3,unprovable,unprovable,,,focus,MALL,99,8,0.306,923,713,210,2794,0,0,2048,0.000,0.000,auto,30,
family,3-partition-no,4,0,3-partition-no/4,classical,auto,1,false,,300,1,3,unprovable,unprovable,,,focus,MALL,99,8,0.303,923,713,210,2794,0,0,2048,0.000,0.000,auto,30,
family,3-partition-no,4,0,3-partition-no/4,classical,auto,1,false,,300,2,3,unprovable,unprovable,,,focus,MALL,99,8,0.298,923,713,210,2794,0,0,2048,0.000,0.000,auto,30,
family,3-partition-no,5,0,3-partition-no/5,classical,auto,1,false,,300,0,3,unprovable,unprovable,,,focus,MALL,109,10,0.359,971,733,238,3294,0,0,2048,0.000,0.000,auto,30,
family,3-partition-no,5,0,3-partition-no/5,classical,auto,1,false,,300,1,3,unprovable,unprovable,,,focus,MALL,109,10,0.347,971,733,238,3294,0,0,2048,0.000,0.000,auto,30,
family,3-partition-no,5,0,3-partition-no/5,classical,auto,1,false,,300,2,3,unprovable,unprovable,,,focus,MALL,109,10,0.344,971,733,238,3294,0,0,2048,0.000,0.000,auto,30,
family,partition-yes,5,0,partition-yes/5,classical,auto,1,false,,300,0,3,provable,proved,,ok,focus,MLL,126,12,0.073,30,7,23,157,0,0,2048,0.000,0.000,auto,30,0.007
family,partition-yes,5,0,partition-yes/5,classical,auto,1,false,,300,1,3,provable,proved,,ok,focus,MLL,126,12,0.071,30,7,23,157,0,0,2048,0.000,0.000,auto,30,0.007
family,partition-yes,5,0,partition-yes/5,classical,auto,1,false,,300,2,3,provable,proved,,ok,focus,MLL,126,12,0.072,30,7,23,157,0,0,2048,0.000,0.000,auto,30,0.007
family,partition-yes,6,0,partition-yes/6,classical,auto,1,false,,300,0,3,provable,proved,,ok,focus,MLL,164,16,0.144,93,42,51,542,0,0,2048,0.000,0.000,auto,30,0.010
family,partition-yes,6,0,partition-yes/6,classical,auto,1,false,,300,1,3,provable,proved,,ok,focus,MLL,164,16,0.124,93,42,51,542,0,0,2048,0.000,0.000,auto,30,0.009
family,partition-yes,6,0,partition-yes/6,classical,auto,1,false,,300,2,3,provable,proved,,ok,focus,MLL,164,16,0.122,93,42,51,542,0,0,2048,0.000,0.000,auto,30,0.009
family,partition-yes,7,0,partition-yes/7,classical,auto,1,false,,300,0,3,provable,proved,,ok,focus,MLL,266,28,0.210,178,97,81,1097,0,0,2048,0.000,0.000,auto,30,0.014
family,partition-yes,7,0,partition-yes/7,classical,auto,1,false,,300,1,3,provable,proved,,ok,focus,MLL,266,28,0.206,178,97,81,1097,0,0,2048,0.000,0.000,auto,30,0.013
family,partition-yes,7,0,partition-yes/7,classical,auto,1,false,,300,2,3,provable,proved,,ok,focus,MLL,266,28,0.206,178,97,81,1097,0,0,2048,0.000,0.000,auto,30,0.013
family,partition-no,4,0,partition-no/4,classical,auto,1,false,,300,0,3,unprovable,unprovable,,,focus,MLL,104,10,0.139,217,136,81,939,0,0,2048,0.000,0.000,auto,30,
family,partition-no,4,0,partition-no/4,classical,auto,1,false,,300,1,3,unprovable,unprovable,,,focus,MLL,104,10,0.151,217,136,81,939,0,0,2048,0.000,0.000,auto,30,
family,partition-no,4,0,partition-no/4,classical,auto,1,false,,300,2,3,unprovable,unprovable,,,focus,MLL,104,10,0.154,217,136,81,939,0,0,2048,0.000,0.000,auto,30,
family,partition-no,5,0,partition-no/5,classical,auto,1,false,,300,0,3,unprovable,unprovable,,,focus,MLL,206,22,0.455,811,568,243,4161,0,0,2048,0.000,0.000,auto,30,
family,partition-no,5,0,partition-no/5,classical,auto,1,false,,300,1,3,unprovable,unprovable,,,focus,MLL,206,22,0.448,811,568,243,4161,0,0,2048,0.000,0.000,auto,30,
family,partition-no,5,0,partition-no/5,classical,auto,1,false,,300,2,3,unprovable,unprovable,,,focus,MLL,206,22,0.440,811,568,243,4161,0,0,2048,0.000,0.000,auto,30,
family,mix,8,0,mix/8,mix,auto,1,false,,300,0,3,unprovable,unprovable,,,focus,MALL,80,1,1472.945,14316140,14283372,32768,51741261,0,0,2048,1460.000,1.168,auto,30,
family,mix,8,0,mix/8,mix,auto,1,false,,300,1,3,unprovable,unprovable,,,focus,MALL,80,1,1470.922,14316140,14283372,32768,51741261,0,0,2048,1460.000,1.546,auto,30,
family,mix,8,0,mix/8,mix,auto,1,false,,300,2,3,unprovable,unprovable,,,focus,MALL,80,1,1468.344,14316140,14283372,32768,51741261,0,0,2048,1450.000,1.467,auto,30,
family,mix,9,0,mix/9,mix,auto,1,false,,300,0,3,unprovable,unprovable,,,focus,MALL,90,1,14662.826,129009092,128878020,131072,465310909,0,0,2048,14600.000,14.852,auto,30,
family,mix,10,0,mix/10,mix,auto,1,false,,300,0,3,unprovable,unprovable,,,focus,MALL,100,1,154147.196,1161737180,1161212892,524288,4186028717,0,0,2048,153590.000,186.057,auto,30,
family,mix,11,0,mix/11,mix,auto,1,false,,300,0,3,unprovable,unknown,timeout,,focus,MALL,110,1,300065.013,2185201607,2184321413,880191,7875979121,0,0,2048,299000.000,357.797,auto,30,
lltp,ILL/petri-nets/MCC,,,AirplaneLD-pt-0010_20_1.p,intuitionistic,auto,1,false,,5,0,3,provable,unknown,timeout,,two-sided,IMELL,812,25,5002.804,47,0,45,324188379,0,0,2048,4980.000,892.570,auto,30,
lltp,ILL/petri-nets/MCC,,,BridgeAndVehicles-V10-P10-N10-unfolded_1_1.p,intuitionistic,auto,1,false,,5,0,3,provable,proved,,ok,two-sided,IMELL,4386,223,0.249,3,0,2,278,0,0,2048,0.000,0.013,auto,30,0.032
lltp,ILL/petri-nets/MCC,,,ClientsAndServers-0001-0_20_1.p,intuitionistic,auto,1,false,,5,0,3,provable,proved,,ok,two-sided,IMELL,182,9,13.429,37981,34619,630,216850,0,0,2048,10.000,0.479,auto,30,0.013
lltp,ILL/petri-nets/MCC,,,CloudDeployment_deploy_4_a_5_1.p,intuitionistic,auto,1,false,,5,0,3,provable,proved,,ok,two-sided,IMELL,5350,158,0.342,3,0,2,19,0,0,2048,0.000,0.018,auto,30,0.041
lltp,ILL/petri-nets/MCC,,,DES_des_30_a_10_1.p,intuitionistic,auto,1,false,,5,0,3,provable,proved,,ok,two-sided,IMELL,1946,35,88.104,8026,5544,1109,2565104,0,0,2048,80.000,21.035,auto,30,0.034
lltp,ILL/petri-nets/MCC,,,DLCround_dlcro_03_b_50_1.p,intuitionistic,auto,1,false,,5,0,3,provable,unknown,timeout,,two-sided,IMELL,9632,11,5006.315,6750754,6716066,27388,25885214,0,0,2048,4990.000,615.678,auto,30,
lltp,ILL/petri-nets/MCC,,,DNAwalker_dnawalk-10_1_1.p,intuitionistic,auto,1,false,,5,0,3,provable,proved,,ok,two-sided,IMELL,2608,59,0.165,3,0,2,55,0,0,2048,0.000,0.012,auto,30,0.025
lltp,ILL/petri-nets/MCC,,,Dekker_dekker-10_5_1.p,intuitionistic,auto,1,false,,5,0,3,provable,proved,,ok,two-sided,IMELL,1718,20,0.416,127,45,67,1792,0,0,2048,0.000,0.011,auto,30,0.017
lltp,ILL/petri-nets/MCC,,,Eratosthenes_eratosthenes-050_5_1.p,intuitionistic,auto,1,false,,5,0,3,provable,unknown,timeout,,two-sided,IMELL,832,25,5019.138,626324,391759,228174,146776001,0,0,2048,5000.000,367.186,auto,30,
lltp,ILL/petri-nets/MCC,,,FMS-10_10_1.p,intuitionistic,auto,1,false,,5,0,3,provable,proved,,ok,two-sided,IMELL,242,12,64.580,17876,11545,3086,2573514,0,0,2048,60.000,6.264,auto,30,0.016
lltp,ILL/petri-nets/MCC,,,HexagonalGrid_hxg_126_5_1.p,intuitionistic,auto,1,false,,5,0,3,provable,proved,,ok,two-sided,IMELL,454,38,4.032,1146,575,415,227777,0,0,2048,0.000,0.026,auto,30,0.016
lltp,ILL/petri-nets/MCC,,,IOTPpurchase_IOTP_c1m1p1d1_20_1.p,intuitionistic,auto,1,false,,5,0,3,provable,proved,,ok,two-sided,IMELL,522,2,1.085,231,0,21,9258,0,0,2048,0.000,0.013,auto,30,0.020
lltp,ILL/petri-nets/MCC,,,LamportFastMutEx_lamport_fmea-4_10_1.p,intuitionistic,auto,1,false,,5,0,3,provable,proved,,ok,two-sided,IMELL,2018,46,97.630,14050,5054,6368,3474910,0,0,2048,90.000,19.415,auto,30,0.026
lltp,ILL/petri-nets/MCC,,,NeighborGrid_z_4d_3n_2m_c_2_3_20_1.p,intuitionistic,auto,1,false,,5,0,3,provable,unknown,timeout,,two-sided,IMELL,7174,58,5026.554,213037,89953,123002,219983603,0,0,2048,5010.000,300.437,auto,30,
lltp,ILL/petri-nets/MCC,,,ParamProductionCell_open_system_0_20_1.p,intuitionistic,auto,1,false,,5,0,3,provable,proved,,ok,two-sided,IMELL,1582,16,14.308,734,241,68,472652,0,0,2048,10.000,2.797,auto,30,0.035
lltp,ILL/petri-nets/MCC,,,Peterson-4_50_1.p,intuitionistic,auto,1,false,,5,0,3,provable,unknown,timeout,,two-sided,IMELL,4294,18,5013.073,5917998,5794353,71124,65610723,0,0,2048,4990.000,1116.507,auto,30,
lltp,ILL/petri-nets/MCC,,,PolyORBLF_PolyORB-LF-S02-J04-T06-unfolded_10_1.p,intuitionistic,auto,1,false,,5,0,3,provable,proved,,ok,two-sided,IMELL,14714,1214,175.788,1348,424,428,989015,0,0,2048,170.000,23.921,auto,30,0.120
lltp,ILL/petri-nets/MCC,,,QuasiCertifProtocol_QCertifProtocol_10-unfold_20_1.p,intuitionistic,auto,1,false,,5,0,3,provable,unknown,timeout,,two-sided,IMELL,2698,77,5002.257,2730,1821,581,162965816,0,0,2048,4980.000,742.478,auto,30,
lltp,ILL/petri-nets/MCC,,,Railroad_railroad-010-pt_20_1.p,intuitionistic,auto,1,false,,5,0,3,provable,proved,,ok,two-sided,IMELL,1894,121,80.158,6908,2059,2917,2965303,0,0,2048,80.000,15.727,auto,30,0.031
lltp,ILL/petri-nets/MCC,,,ResAllocation_RAS-R-10_10_1.p,intuitionistic,auto,1,false,,5,0,3,provable,proved,,ok,two-sided,IMELL,272,3,1.795,7462,6795,296,27474,0,0,2048,0.000,0.022,auto,30,0.012
lltp,ILL/petri-nets/MCC,,,SafeBus-03-unfolded_20_1.p,intuitionistic,auto,1,false,,5,0,3,provable,proved,,ok,two-sided,IMELL,1126,43,972.438,2161243,2057320,37944,12409077,0,0,2048,960.000,198.435,auto,30,0.025
lltp,ILL/petri-nets/MCC,,,SmallOperatingSystem-MT0032DC0008_1_1.p,intuitionistic,auto,1,false,,5,0,3,provable,proved,,ok,two-sided,IMELL,400,34,0.094,3,0,2,152,0,0,2048,0.000,0.012,auto,30,0.020
lltp,ILL/petri-nets/MCC,,,TCPcondis_tcp15_20_1.p,intuitionistic,auto,1,false,,5,0,3,provable,unknown,timeout,,two-sided,IMELL,370,17,5030.615,5046774,4600734,259575,180369799,0,0,2048,5010.000,790.807,auto,30,
lltp,ILL/petri-nets/MCC,,,TokenRing-10-unfolded_100_1.p,intuitionistic,auto,1,false,,5,0,3,provable,unknown,timeout,,two-sided,IMELL,8930,21,5008.515,3035947,2973480,34000,40378634,0,0,2048,4990.000,903.059,auto,30,
lltp,ILL/ILLTP-SYJ-01,,,SYJ201+1.007.p,intuitionistic,auto,1,false,,5,0,3,provable,unknown,copy_bound,,two-sided,ILL,1138,17,6.215,18130,9480,6724,11565,0,0,2048,0.000,0.020,auto,30,
lltp,ILL/ILLTP-SYJ-01,,,SYJ203+1.016.p,intuitionistic,auto,1,false,,5,0,3,provable,unknown,copy_bound,,two-sided,ILL,180,17,3.215,12930,2092,7469,904,0,0,2048,0.000,0.003,auto,30,
lltp,ILL/ILLTP-SYJ-01,,,SYJ205+1.013.p,intuitionistic,auto,1,false,,5,0,3,provable,unknown,copy_bound,,two-sided,ILL,356,2,0.044,52,18,17,5,0,0,2048,0.000,0.000,auto,30,
lltp,ILL/ILLTP-SYJ-01,,,SYJ207+1.018.p,intuitionistic,auto,1,false,,5,0,3,,unknown,copy_bound,,two-sided,ILL,5770,38,222.246,213294,122979,79641,148392,0,0,2048,220.000,0.295,auto,30,
lltp,ILL/ILLTP-SYJ-01,,,SYJ210+1.006.p,intuitionistic,auto,1,false,,5,0,3,unprovable,unknown,copy_bound,,two-sided,ILL,71,2,0.060,199,141,23,183,0,0,2048,0.000,0.000,auto,30,
lltp,ILL/ILLTP-SYJ-01,,,SYJ212+1.002.p,intuitionistic,auto,1,false,,5,0,3,unprovable,unknown,copy_bound,,two-sided,ILL,82,4,0.066,124,33,37,43,0,0,2048,0.000,0.000,auto,30,
lltp,ILL/ILLTP-SYJ-cbn,,,SYJ201+1.019.p,intuitionistic,auto,1,false,,5,0,3,provable,unknown,copy_bound,,two-sided,ILL,3548,41,70.073,65564,30498,33464,62478,0,0,2048,60.000,0.100,auto,30,
lltp,ILL/ILLTP-SYJ-cbn,,,SYJ204+1.010.p,intuitionistic,auto,1,false,,5,0,3,provable,unknown,copy_bound,,two-sided,IMELL,83,2,0.141,438,368,26,430,0,0,2048,0.000,0.002,auto,30,
lltp,ILL/ILLTP-SYJ-cbn,,,SYJ206+1.009.p,intuitionistic,auto,1,false,,5,0,3,provable,unknown,copy_bound,,two-sided,ILL,8169,512,9.171,10790,7228,3147,5698,0,0,2048,10.000,1.442,auto,30,
lltp,ILL/ILLTP-SYJ-cbn,,,SYJ209+1.004.p,intuitionistic,auto,1,false,,5,0,3,unprovable,unknown,copy_bound,,two-sided,ILL,46,4,0.087,222,56,64,43,0,0,2048,0.000,0.000,auto,30,
lltp,ILL/ILLTP-SYJ-cbn,,,SYJ210+1.020.p,intuitionistic,auto,1,false,,5,0,3,unprovable,unknown,copy_bound,,two-sided,ILL,169,2,0.354,2698,2482,86,2690,0,0,2048,0.000,0.011,auto,30,
lltp,ILL/ILLTP-SYJ-cbv,,,SYJ201+1.019.p,intuitionistic,auto,1,false,,5,0,3,provable,unknown,copy_bound,,two-sided,IMELL,5225,41,193.540,166229,96097,66928,259042,0,0,2048,190.000,0.256,auto,30,
lltp,ILL/ILLTP-SYJ-cbv,,,SYJ204+1.017.p,intuitionistic,auto,1,false,,5,0,3,provable,unknown,copy_bound,,two-sided,IMELL,174,2,0.165,1077,959,59,1042,0,0,2048,0.000,0.000,auto,30,
lltp,ILL/ILLTP-SYJ-cbv,,,SYJ207+1.004.p,intuitionistic,auto,1,false,,5,0,3,unprovable,unknown,copy_bound,,two-sided,ILL,336,10,0.666,2147,1140,838,3092,0,0,2048,0.000,0.000,auto,30,
lltp,ILL/ILLTP-SYJ-cbv,,,SYJ209+1.014.p,intuitionistic,auto,1,false,,5,0,3,,unknown,copy_bound,,two-sided,ILL,151,14,1.443,8305,4978,2903,926,0,0,2048,0.000,0.000,auto,30,
lltp,ILL/ILLTP-SYJ-cbv,,,SYJ212+1.010.p,intuitionistic,auto,1,false,,5,0,3,unprovable,unknown,copy_bound,,two-sided,ILL,27105,1024,51.284,17785,10496,5045,11672,0,0,2048,50.000,0.089,auto,30,
lltp,ILL/KLE-01,,,KLE058+1.p,intuitionistic,auto,1,false,,5,0,3,provable,unknown,copy_bound,,two-sided,ILL,33,2,0.034,38,11,12,12,0,0,2048,0.000,0.000,auto,30,
lltp,ILL/KLE-IMP-CONJ,,,KLE_26_01.p,intuitionistic,auto,1,false,,5,0,3,provable,unknown,copy_bound,,two-sided,ILL,74,2,0.049,100,36,27,39,0,0,2048,0.000,0.000,auto,30,
lltp,ILL/KLE-IMP-CONJ,,,KLE_57_CBV.p,intuitionistic,auto,1,false,,5,0,3,provable,unknown,copy_bound,,two-sided,ILL,51,2,0.039,75,30,20,58,0,0,2048,0.000,0.000,auto,30,
lltp,ILL/KLE-cbn,,,KLE084+1.p,intuitionistic,auto,1,false,,5,0,3,provable,unknown,copy_bound,,two-sided,ILL,193,8,0.147,177,70,73,152,0,0,2048,0.000,0.002,auto,30,
lltp,ILL/petri-nets/MCC,,,AutoFlight_afcs_03_b_5_1.p,intuitionistic,auto,1,false,,5,0,3,provable,proved,,ok,two-sided,IMELL,1392,6,8.804,17428,16712,316,149374,0,0,2048,0.000,1.970,auto,30,0.024
lltp,ILL/petri-nets/MCC,,,DES_des_01_b_10_1.p,intuitionistic,auto,1,false,,5,0,3,provable,unknown,timeout,,two-sided,IMELL,1384,6,5000.749,32482848,32471507,8338,83433713,0,0,2048,4980.000,9.408,auto,30,
lltp,ILL/petri-nets/MCC,,,DES_des_50_b_20_1.p,intuitionistic,auto,1,false,,5,0,3,provable,unknown,timeout,,two-sided,IMELL,2968,51,5000.698,26186904,26177030,7177,68253156,0,0,2048,4980.000,9.622,auto,30,
lltp,ILL/petri-nets/MCC,,,IBM319_5_1.p,intuitionistic,auto,1,false,,5,0,3,provable,proved,,ok,two-sided,IMELL,1056,4,51.356,235697,229929,4169,704687,0,0,2048,50.000,9.752,auto,30,0.021
lltp,ILL/ILLTP-SYJ-01,,,SYJ208+1.015.p,intuitionistic,auto,1,false,,5,0,3,unprovable,unknown,recursion_limit,,two-sided,ILL,13653,30,14.478,1532,0,1020,0,0,0,2048,10.000,0.018,auto,30,
lltp,ILL/ILLTP-SYJ-cbv,,,SYJ208+1.016.p,intuitionistic,auto,1,false,,5,0,3,unprovable,unknown,recursion_limit,,two-sided,ILL,13956,32,6.419,2026,0,2025,2026,0,0,2048,0.000,0.006,auto,30,
lltp,ILL/petri-nets/MCC,,,AutoFlight_afcs_96_b_1_1.p,intuitionistic,auto,1,false,,5,0,3,provable,proved,,ok,two-sided,IMELL,36402,104,2.709,2,0,1,1,0,0,2048,10.000,0.023,auto,30,0.392
lltp,ILL/petri-nets/MCC,,,BridgeAndVehicles-V50-P20-N20-unfolded_5_1.p,intuitionistic,auto,1,false,,5,0,3,provable,proved,,ok,two-sided,IMELL,36826,2103,70.805,106,31,37,146510,0,0,2048,70.000,10.282,auto,30,0.195
lltp,ILL/petri-nets/MCC,,,BridgeAndVehicles-V80-P20-N50-unfolded_1_1.p,intuitionistic,auto,1,false,,5,0,3,provable,proved,,ok,two-sided,IMELL,135826,8163,18.673,4,0,2,7985,0,0,2048,10.000,3.585,auto,30,0.642
lltp,ILL/petri-nets/MCC,,,CloudDeployment_deploy_5_b_100_1.p,intuitionistic,auto,1,false,,5,0,3,provable,unknown,timeout,,two-sided,IMELL,51588,1024,5008.497,1166207,1151524,13033,10494764,0,0,2048,4990.000,927.020,auto,30,
lltp,ILL/petri-nets/MCC,,,CloudReconfiguration_reconf_3_04_20_1.p,intuitionistic,auto,1,false,,5,0,3,provable,unknown,timeout,,two-sided,IMELL,12926,129,5002.196,4475427,4460968,4269,36367984,0,0,2048,4990.000,804.508,auto,30,
lltp,ILL/petri-nets/MCC,,,CloudReconfiguration_reconf_3_10_100_1.p,intuitionistic,auto,1,false,,5,0,3,provable,unknown,timeout,,two-sided,IMELL,12936,129,5001.673,4550748,4536204,4261,36864572,0,0,2048,4990.000,798.797,auto,30,
lltp,ILL/petri-nets/MCC,,,CloudReconfiguration_reconf_3_15_20_1.p,intuitionistic,auto,1,false,,5,0,3,provable,unknown,timeout,,two-sided,IMELL,12934,129,5001.088,4426530,4412160,4269,36016790,0,0,2048,4980.000,819.010,auto,30,
lltp,ILL/petri-nets/MCC,,,CloudReconfiguration_reconf_4_01_100_1.p,intuitionistic,auto,1,false,,5,0,3,provable,unknown,timeout,,two-sided,IMELL,17788,172,5002.348,3323606,3312704,5219,27575075,0,0,2048,4990.000,865.624,auto,30,
lltp,ILL/petri-nets/MCC,,,DLCround_dlcro_07_b_5_1.p,intuitionistic,auto,1,false,,5,0,3,provable,unknown,timeout,,two-sided,IMELL,22152,15,5004.249,2869092,2857983,8439,13620817,0,0,2048,4980.000,694.507,auto,30,
lltp,ILL/petri-nets/MCC,,,DLCround_dlcro_12_a_1_1.p,intuitionistic,auto,1,false,,5,0,3,provable,proved,,ok,two-sided,IMELL,27214,69,1.528,3,0,2,279,0,0,2048,0.000,0.020,auto,30,0.198
lltp,ILL/petri-nets/MCC,,,DLCshifumi_dlcsh_4_a_100_1.p,intuitionistic,auto,1,false,,5,0,3,provable,unknown,timeout,,two-sided,IMELL,58602,317,5137.835,161875,789,161043,4018715,0,0,2048,5120.000,463.325,auto,30,
lltp,ILL/petri-nets/MCC,,,Diffusion2D_2D8_gradient_20x20_100_5_1.p,intuitionistic,auto,1,false,,5,0,3,provable,proved,,ok,two-sided,IMELL,12254,108,1892.169,21036,13232,6798,64207524,0,0,2048,1880.000,329.996,auto,30,0.134
lltp,ILL/petri-nets/MCC,,,Diffusion2D_2D8_gradient_40x40_50_5_1.p,intuitionistic,auto,1,false,,5,0,3,provable,proved,,ok,two-sided,IMELL,49494,58,564.482,2701,1399,1156,9639160,0,0,2048,560.000,97.768,auto,30,0.478
lltp,ILL/petri-nets/MCC,,,Echo_echo-d5r3_5_1.p,intuitionistic,auto,1,false,,5,0,3,provable,proved,,ok,two-sided,IMELL,57846,10,720.892,3307,1330,1819,2242261,0,0,2048,720.000,58.843,auto,30,0.355
lltp,ILL/petri-nets/MCC,,,FlexibleBarrier_flexbar_18_b_5_1.p,intuitionistic,auto,1,false,,5,0,3,provable,unknown,timeout,,two-sided,IMELL,25322,325,5005.125,2256027,2243732,9819,18937959,0,0,2048,4980.000,674.549,auto,30,
lltp,ILL/petri-nets/MCC,,,HypercubeGrid_hc3k4p4b12_5_1.p,intuitionistic,auto,1,false,,5,0,3,provable,unknown,timeout,,two-sided,IMELL,30334,43,5027.884,58178,11026,46999,44197677,0,0,2048,5010.000,912.507,auto,30,
lltp,ILL/petri-nets/MCC,,,NeoElection_neoelection-7.unf_10_1.p,intuitionistic,auto,1,false,,5,0,3,provable,unknown,timeout,,two-sided,IMELL,164394,2072,5057.450,3984,0,3981,6562876,0,0,2048,5050.000,234.802,auto,30,
lltp,ILL/petri-nets/MCC,,,Philosophers-1000_1_1.p,intuitionistic,auto,1,false,,5,0,3,provable,proved,,ok,two-sided,IMELL,39996,5,59.414,5,0,2,9995,0,0,2048,60.000,3.837,auto,30,0.619
lltp,ILL/petri-nets/MCC,,,PolyORBLF_PolyORB-LF-S04-J04-T08-unfolded_5_1.p,intuitionistic,auto,1,false,,5,0,3,provable,proved,,ok,two-sided,IMELL,115596,17188,187.440,244,80,82,499614,0,0,2048,190.000,17.824,auto,30,0.490
lltp,ILL/petri-nets/MCC,,,Railroad_railroad-050-pt_50_1.p,intuitionistic,auto,1,false,,5,0,3,provable,proved,,ok,two-sided,IMELL,33174,2601,1472.434,4554,21,3406,7491956,0,0,2048,1470.000,111.506,auto,30,0.201
lltp,ILL/petri-nets/MCC,,,RwMutex_rwmutex-r2000w10_1_1.p,intuitionistic,auto,1,false,,5,0,3,provable,proved,,ok,two-sided,IMELL,120116,12,181.896,7,0,4,17546,0,0,2048,180.000,3.496,auto,30,1.177
lltp,ILL/petri-nets/MCC,,,SmallOperatingSystem-MT2048DC1024_1_1.p,intuitionistic,auto,1,false,,5,0,3,provable,proved,,ok,two-sided,IMELL,28720,2050,4.322,3,0,2,11264,0,0,2048,10.000,0.054,auto,30,1.201
lltp,ILL/petri-nets/MCC,,,Angiogenesis_angiogenesis-15_20_1.p,intuitionistic,auto,1,false,,5,0,3,provable,unknown,timeout,,two-sided,IMELL,818,24,5009.511,552866,393487,87300,152582607,0,0,2048,4980.000,490.210,auto,30,
lltp,ILL/petri-nets/MCC,,,AutoFlight_afcs_48_a_50_1.p,intuitionistic,auto,1,false,,5,0,3,provable,unknown,timeout,,two-sided,IMELL,7430,53,5228.914,633048,1,633040,146629584,0,0,2048,5200.000,1037.983,auto,30,
lltp,ILL/petri-nets/MCC,,,CircadianClock_circadian_clock-001000_1_1.p,intuitionistic,auto,1,false,,5,0,3,provable,proved,,ok,two-sided,IMELL,20122,1004,2.785,3,0,2,11003,0,0,2048,0.000,0.143,auto,30,0.848
lltp,ILL/petri-nets/MCC,,,ClientsAndServers-0010-1_100_1.p,intuitionistic,auto,1,false,,5,0,3,provable,unknown,timeout,,two-sided,IMELL,926,81,5003.367,485099,348922,28011,134511974,0,0,2048,4980.000,623.391,auto,30,
lltp,ILL/petri-nets/MCC,,,ClientsAndServers-0020-3_50_1.p,intuitionistic,auto,1,false,,5,0,3,provable,unknown,timeout,,two-sided,IMELL,1626,161,5004.025,400532,285545,24402,72586786,0,0,2048,4980.000,1012.397,auto,30,
lltp,ILL/petri-nets/MCC,,,Diffusion2D_2D8_gradient_5x5_150_20_1.p,intuitionistic,auto,1,false,,5,0,3,provable,proved,,ok,two-sided,IMELL,1174,158,0.311,13,0,10,2083,0,0,2048,0.000,0.011,auto,30,0.037
lltp,ILL/petri-nets/MCC,,,ERK_erk-001000_1_1.p,intuitionistic,auto,1,false,,5,0,3,provable,proved,,ok,two-sided,IMELL,20064,1002,1.976,3,0,2,5002,0,0,2048,0.000,0.016,auto,30,0.868
lltp,ILL/petri-nets/MCC,,,Echo_echo-d2r9_100_1.p,intuitionistic,auto,1,false,,5,0,3,provable,unknown,timeout,,two-sided,IMELL,6910,5,5013.164,243856,152890,72999,98556387,0,0,2048,4990.000,853.114,auto,30,
lltp,ILL/petri-nets/MCC,,,GPPP_G-PPP-1-1000_50_1.p,intuitionistic,auto,1,false,,5,0,3,provable,proved,,ok,two-sided,IMELL,36348,4005,399.160,1914,1057,331,1086912,0,0,2048,400.000,60.083,auto,30,1.553
lltp,ILL/petri-nets/MCC,,,GPPP_G-PPP-100-1000_100_1.p,intuitionistic,auto,1,false,,5,0,3,provable,unknown,timeout,,two-sided,IMELL,55752,4680,5071.108,912,425,217,14162643,0,0,2048,5050.000,56.506,auto,30,
lltp,ILL/petri-nets/MCC,,,HouseConstruction-100_5_1.p,intuitionistic,auto,1,false,,5,0,3,provable,proved,,ok,two-sided,IMELL,502,100,0.222,37,4,14,400,0,0,2048,0.000,0.011,auto,30,0.024
lltp,ILL/petri-nets/MCC,,,JoinFreeModules_joinFree-10_50_1.p,intuitionistic,auto,1,false,,5,0,3,provable,unknown,timeout,,two-sided,IMELL,1926,23,5069.419,9815654,9499153,262920,41155587,0,0,2048,5040.000,975.538,auto,30,
lltp,ILL/petri-nets/MCC,,,Kanban-500_50_1.p,intuitionistic,auto,1,false,,5,0,3,provable,unknown,timeout,,two-sided,IMELL,8078,501,5002.428,138003,105146,10874,24653837,0,0,2048,4970.000,958.774,auto,30,
lltp,ILL/petri-nets/MCC,,,MAPK-80_20_1.p,intuitionistic,auto,1,false,,5,0,3,provable,proved,,ok,two-sided,IMELL,1618,82,0.234,6,0,3,503,0,0,2048,0.000,0.012,auto,30,0.068
lltp,ILL/petri-nets/MCC,,,PermAdmissibility_unf-8x8-4stageSEN-50_10_1.p,intuitionistic,auto,1,false,,5,0,3,provable,unknown,timeout,,two-sided,IMELL,8774,64,5007.019,31913,16072,12777,12721808,0,0,2048,4980.000,593.115,auto,30,
lltp,ILL/petri-nets/MCC,,,Planning_planning_5_1.p,intuitionistic,auto,1,false,,5,0,3,provable,proved,,ok,two-sided,IMELL,1568,17,921.899,217076,147665,61966,45027119,0,0,2048,910.000,172.193,auto,30,0.033
lltp,ILL/petri-nets/MCC,,,QuasiCertifProtocol_QCertifProtocol_32-unfold_20_1.p,intuitionistic,auto,1,false,,5,0,3,provable,unknown,timeout,,two-sided,IMELL,16716,231,5002.356,4,0,1,41189526,0,0,2048,4990.000,864.252,auto,30,
lltp,ILL/petri-nets/MCC,,,ResAllocation_RAS-C-50_100_1.p,intuitionistic,auto,1,false,,5,0,3,provable,unknown,timeout,,two-sided,IMELL,2240,3,5048.291,3593022,3352234,225890,61568560,0,0,2048,5030.000,769.996,auto,30,
lltp,ILL/petri-nets/MCC,,,RobotManipulation_robot-manipulation-500_10_1.p,intuitionistic,auto,1,false,,5,0,3,provable,proved,,ok,two-sided,IMELL,12068,1002,5.813,21,1,8,141365,0,0,2048,0.000,1.310,auto,30,0.504
lltp,ILL/petri-nets/MCC,,,SmallOperatingSystem-MT0064DC0016_1_1.p,intuitionistic,auto,1,false,,5,0,3,provable,proved,,ok,two-sided,IMELL,752,66,0.110,3,0,2,304,0,0,2048,0.000,0.012,auto,30,0.033
lltp,ILL/petri-nets/MCC,,,SmallOperatingSystem-MT0512DC0128_1_1.p,intuitionistic,auto,1,false,,5,0,3,provable,proved,,ok,two-sided,IMELL,5680,514,0.554,3,0,2,2432,0,0,2048,0.000,0.012,auto,30,0.227
lltp,ILL/petri-nets/MCC,,,Solitaire_soli2_counter_20_1.p,intuitionistic,auto,1,false,,5,0,3,provable,unknown,timeout,,two-sided,IMELL,1538,108,5062.280,793324,422882,303221,152839452,0,0,2048,5040.000,793.382,auto,30,
lltp,ILL/petri-nets/MCC,,,SwimmingPool-4_10_1.p,intuitionistic,auto,1,false,,5,0,3,provable,proved,,ok,two-sided,IMELL,758,81,4.665,495,203,95,131562,0,0,2048,0.000,0.017,auto,30,0.036
lltp,ILL/petri-nets/MCC,,,SwimmingPool-9_5_1.p,intuitionistic,auto,1,false,,5,0,3,provable,proved,,ok,two-sided,IMELL,1658,181,0.575,36,4,13,6008,0,0,2048,0.000,0.015,auto,30,0.075
lltp,ILL/petri-nets/MCC,,,AutoFlight_afcs_05_a_1_1.p,intuitionistic,auto,1,false,,5,0,3,provable,proved,,ok,two-sided,IMELL,906,8,0.121,3,0,2,35,0,0,2048,0.000,0.017,auto,30,0.018
lltp,ILL/petri-nets/MCC,,,ClientsAndServers-0005-0_1_1.p,intuitionistic,auto,1,false,,5,0,3,provable,proved,,ok,two-sided,IMELL,448,41,0.086,3,0,2,179,0,0,2048,0.000,0.011,auto,30,0.019
lltp,ILL/petri-nets/MCC,,,DES_des_00_a_20_1.p,intuitionistic,auto,1,false,,5,0,3,provable,proved,,ok,two-sided,IMELL,832,7,3436.119,718236,529396,63499,157499100,0,0,2048,3420.000,711.643,auto,30,0.031
lltp,ILL/petri-nets/MCC,,,IOTPpurchase_IOTP_c5m4p3d2_1_1.p,intuitionistic,auto,1,false,,5,0,3,provable,proved,,ok,two-sided,IMELL,554,6,0.116,3,0,2,39,0,0,2048,0.000,0.013,auto,30,0.014
lltp,ILL/petri-nets/MCC,,,Parking_parking_2_8_5_1.p,intuitionistic,auto,1,false,,5,0,3,provable,unknown,timeout,,two-sided,IMELL,1250,11,5113.896,486251,4,486239,363500142,0,0,2048,5090.000,473.584,auto,30,
lltp,ILL/petri-nets/MCC,,,PermAdmissibility_unf-8x8-4stageSEN-05_100_1.p,intuitionistic,auto,1,false,,5,0,3,provable,unknown,timeout,,two-sided,IMELL,7144,64,5020.813,241940,134272,86107,118550595,0,0,2048,4990.000,863.457,auto,30,
lltp,ILL/petri-nets/MCC,,,PhaseVariation_5-10_phaseVariation_50_1.p,intuitionistic,auto,1,false,,5,0,3,provable,unknown,timeout,,two-sided,IMELL,9658,687,5023.893,108932,21253,84369,61658177,0,0,2048,5000.000,532.522,auto,30,
lltp,ILL/petri-nets/MCC,,,ResAllocation_RAS-R-15_10_1.p,intuitionistic,auto,1,false,,5,0,3,provable,proved,,ok,two-sided,IMELL,410,3,2.147,7035,6370,294,36116,0,0,2048,0.000,0.023,auto,30,0.017
lltp,ILL/petri-nets/MCC,,,RobotManipulation_robot-manipulation-5_1_1.p,intuitionistic,auto,1,false,,5,0,3,provable,proved,,ok,two-sided,IMELL,192,12,0.071,3,0,2,56,0,0,2048,0.000,0.010,auto,30,0.010
lltp,ILL/petri-nets/MCC,,,RwMutex_rwmutex-r10w100_1_1.p,intuitionistic,auto,1,false,,5,0,3,provable,proved,,ok,two-sided,IMELL,5378,102,0.389,3,0,2,306,0,0,2048,0.000,0.011,auto,30,0.044
lltp,ILL/petri-nets/MCC,,,SafeBus-10-unfolded_1_1.p,intuitionistic,auto,1,false,,5,0,3,provable,proved,,ok,two-sided,IMELL,22868,1191,1.345,3,0,2,132,0,0,2048,0.000,0.047,auto,30,0.113
lltp,ILL/petri-nets/MCC,,,SimpleLoadBal_simple_lbs-15_50_1.p,intuitionistic,auto,1,false,,5,0,3,provable,unknown,timeout,,two-sided,IMELL,18082,1142,5011.222,174654,128075,34002,47642517,0,0,2048,5000.000,769.728,auto,30,
lltp,ILL/petri-nets/MCC,,,TCPcondis_tcp30_50_1.p,intuitionistic,auto,1,false,,5,0,3,provable,unknown,timeout,,two-sided,IMELL,512,32,5027.707,6160963,5743445,241915,74786296,0,0,2048,5000.000,1054.200,auto,30,
lltp,ILL/petri-nets/MCC,,,DatabaseWithMutex_database20UNFOLD_5_1.p,intuitionistic,auto,1,false,,5,0,3,provable,unknown,timeout,,two-sided,IMELL,46672,21,5059.951,171618,77224,93937,72863810,0,0,16384,5040.000,644.346,auto,30,
lltp,ILL/petri-nets/MCC,,,Diffusion2D_2D8_gradient_20x20_50_1_1.p,intuitionistic,auto,1,false,,5,0,3,provable,proved,,ok,two-sided,IMELL,12054,58,0.911,3,0,2,52,0,0,16384,0.000,0.014,auto,30,0.118
lltp,ILL/petri-nets/MCC,,,TokenRing-15-unfolded_1_1.p,intuitionistic,auto,1,false,,5,0,3,provable,proved,,ok,two-sided,IMELL,28990,31,1.401,3,0,2,130,0,0,16384,0.000,0.014,auto,30,0.193
lltp,ILL/petri-nets/MCC,,,TokenRing-20-unfolded_1_1.p,intuitionistic,auto,1,false,,5,0,3,provable,proved,,ok,two-sided,IMELL,67450,41,3.498,3,0,2,91,0,0,16384,10.000,0.030,auto,30,0.415
family,qbf,16,0,qbf/16#0,classical,auto,1,false,,300,0,3,provable,proved,,ok,focus,MALL,399,9,9.751,14615,0,14615,22146,0,0,2048,0.000,0.011,auto,30,1.318
family,qbf,16,0,qbf/16#0,classical,auto,1,false,,300,1,3,provable,proved,,ok,focus,MALL,399,9,9.177,14615,0,14615,22146,0,0,2048,0.000,0.008,auto,30,1.388
family,qbf,16,0,qbf/16#0,classical,auto,1,false,,300,2,3,provable,proved,,ok,focus,MALL,399,9,9.110,14615,0,14615,22146,0,0,2048,0.000,0.008,auto,30,1.406
family,qbf,16,1,qbf/16#1,classical,auto,1,false,,300,0,3,unprovable,unprovable,,,focus,MALL,399,7,1.468,2502,0,2502,4090,0,0,2048,0.000,0.000,auto,30,
family,qbf,16,1,qbf/16#1,classical,auto,1,false,,300,1,3,unprovable,unprovable,,,focus,MALL,399,7,1.463,2502,0,2502,4090,0,0,2048,0.000,0.000,auto,30,
family,qbf,16,1,qbf/16#1,classical,auto,1,false,,300,2,3,unprovable,unprovable,,,focus,MALL,399,7,1.458,2502,0,2502,4090,0,0,2048,0.000,0.002,auto,30,
family,qbf,16,2,qbf/16#2,classical,auto,1,false,,300,0,3,unprovable,unprovable,,,focus,MALL,399,6,2.316,3975,0,3975,6214,0,0,2048,0.000,0.002,auto,30,
family,qbf,16,2,qbf/16#2,classical,auto,1,false,,300,1,3,unprovable,unprovable,,,focus,MALL,399,6,2.343,3975,0,3975,6214,0,0,2048,0.000,0.002,auto,30,
family,qbf,16,2,qbf/16#2,classical,auto,1,false,,300,2,3,unprovable,unprovable,,,focus,MALL,399,6,2.282,3975,0,3975,6214,0,0,2048,0.000,0.002,auto,30,
family,qbf,16,3,qbf/16#3,classical,auto,1,false,,300,0,3,provable,proved,,ok,focus,MALL,399,8,7.422,12420,0,12420,19728,0,0,2048,0.000,0.005,auto,30,1.420
family,qbf,16,3,qbf/16#3,classical,auto,1,false,,300,1,3,provable,proved,,ok,focus,MALL,399,8,7.414,12420,0,12420,19728,0,0,2048,0.000,0.006,auto,30,1.402
family,qbf,16,3,qbf/16#3,classical,auto,1,false,,300,2,3,provable,proved,,ok,focus,MALL,399,8,7.411,12420,0,12420,19728,0,0,2048,0.000,0.010,auto,30,1.392
family,qbf,20,0,qbf/20#0,classical,auto,1,false,,300,0,3,unprovable,unprovable,,,focus,MALL,499,8,6.863,11161,0,11161,17161,0,0,2048,0.000,0.005,auto,30,
family,qbf,20,0,qbf/20#0,classical,auto,1,false,,300,1,3,unprovable,unprovable,,,focus,MALL,499,8,7.044,11161,0,11161,17161,0,0,2048,0.000,0.009,auto,30,
family,qbf,20,0,qbf/20#0,classical,auto,1,false,,300,2,3,unprovable,unprovable,,,focus,MALL,499,8,6.966,11161,0,11161,17161,0,0,2048,0.000,0.005,auto,30,
family,qbf,20,1,qbf/20#1,classical,auto,1,false,,300,0,3,unprovable,unprovable,,,focus,MALL,499,6,11.446,17781,0,17781,26685,0,0,2048,10.000,0.014,auto,30,
family,qbf,20,1,qbf/20#1,classical,auto,1,false,,300,1,3,unprovable,unprovable,,,focus,MALL,499,6,10.990,17781,0,17781,26685,0,0,2048,0.000,0.014,auto,30,
family,qbf,20,1,qbf/20#1,classical,auto,1,false,,300,2,3,unprovable,unprovable,,,focus,MALL,499,6,11.067,17781,0,17781,26685,0,0,2048,0.000,0.013,auto,30,
family,qbf,20,2,qbf/20#2,classical,auto,1,false,,300,0,3,provable,proved,,ok,focus,MALL,499,7,46.311,60883,0,60883,97394,0,0,2048,40.000,0.055,auto,30,6.349
family,qbf,20,2,qbf/20#2,classical,auto,1,false,,300,1,3,provable,proved,,ok,focus,MALL,499,7,45.312,60883,0,60883,97394,0,0,2048,40.000,0.048,auto,30,6.021
family,qbf,20,2,qbf/20#2,classical,auto,1,false,,300,2,3,provable,proved,,ok,focus,MALL,499,7,46.072,60883,0,60883,97394,0,0,2048,40.000,0.051,auto,30,6.196
family,qbf,20,3,qbf/20#3,classical,auto,1,false,,300,0,3,unprovable,unprovable,,,focus,MALL,499,7,6.808,10639,0,10639,16467,0,0,2048,0.000,0.005,auto,30,
family,qbf,20,3,qbf/20#3,classical,auto,1,false,,300,1,3,unprovable,unprovable,,,focus,MALL,499,7,6.711,10639,0,10639,16467,0,0,2048,0.000,0.020,auto,30,
family,qbf,20,3,qbf/20#3,classical,auto,1,false,,300,2,3,unprovable,unprovable,,,focus,MALL,499,7,6.591,10639,0,10639,16467,0,0,2048,0.000,0.006,auto,30,
family,counter,8,0,counter/8,classical,auto,1,false,,300,0,3,provable,proved,,ok,focus,MELL,27,8,0.089,47,5,9,151,0,0,2048,0.000,0.011,auto,30,0.006
family,counter,8,0,counter/8,classical,auto,1,false,,300,1,3,provable,proved,,ok,focus,MELL,27,8,0.105,47,5,9,151,0,0,2048,0.000,0.011,auto,30,0.004
family,counter,8,0,counter/8,classical,auto,1,false,,300,2,3,provable,proved,,ok,focus,MELL,27,8,0.082,47,5,9,151,0,0,2048,0.000,0.009,auto,30,0.004
family,counter,8,0,counter/8,intuitionistic,auto,1,false,,300,0,3,,proved,,ok,two-sided,IMELL,27,8,0.082,47,5,9,151,0,0,2048,0.000,0.010,auto,30,0.005
family,counter,8,0,counter/8,intuitionistic,auto,1,false,,300,1,3,,proved,,ok,two-sided,IMELL,27,8,0.083,47,5,9,151,0,0,2048,0.000,0.010,auto,30,0.005
family,counter,8,0,counter/8,intuitionistic,auto,1,false,,300,2,3,,proved,,ok,two-sided,IMELL,27,8,0.084,47,5,9,151,0,0,2048,0.000,0.010,auto,30,0.005
family,counter,16,0,counter/16,classical,auto,1,false,,300,0,4,provable,proved,,ok,focus,MELL,41,16,0.242,404,129,35,1529,0,0,2048,0.000,0.009,auto,30,0.006
family,counter,16,0,counter/16,classical,auto,1,false,,300,1,4,provable,proved,,ok,focus,MELL,41,16,0.252,404,129,35,1529,0,0,2048,0.000,0.011,auto,30,0.006
family,counter,16,0,counter/16,classical,auto,1,false,,300,2,4,provable,proved,,ok,focus,MELL,41,16,0.253,404,129,35,1529,0,0,2048,0.000,0.011,auto,30,0.006
family,counter,16,0,counter/16,intuitionistic,auto,1,false,,300,0,4,,proved,,ok,two-sided,IMELL,41,16,0.254,404,129,35,1529,0,0,2048,0.000,0.011,auto,30,0.006
family,counter,16,0,counter/16,intuitionistic,auto,1,false,,300,1,4,,proved,,ok,two-sided,IMELL,41,16,0.262,404,129,35,1529,0,0,2048,0.000,0.011,auto,30,0.007
family,counter,16,0,counter/16,intuitionistic,auto,1,false,,300,2,4,,proved,,ok,two-sided,IMELL,41,16,0.260,404,129,35,1529,0,0,2048,0.000,0.010,auto,30,0.007
family,counter-over,8,0,counter-over/8,classical,auto,1,false,,300,0,3,unprovable,unprovable,,,focus,MELL,29,8,0.109,64,9,16,245,0,0,2048,0.000,0.014,auto,30,
family,counter-over,8,0,counter-over/8,classical,auto,1,false,,300,1,3,unprovable,unprovable,,,focus,MELL,29,8,0.090,64,9,16,245,0,0,2048,0.000,0.009,auto,30,
family,counter-over,8,0,counter-over/8,classical,auto,1,false,,300,2,3,unprovable,unprovable,,,focus,MELL,29,8,0.106,64,9,16,245,0,0,2048,0.000,0.012,auto,30,
family,counter-over,8,0,counter-over/8,intuitionistic,auto,1,false,,300,0,3,,unprovable,,,two-sided,IMELL,29,8,0.095,64,9,16,245,0,0,2048,0.000,0.010,auto,30,
family,counter-over,8,0,counter-over/8,intuitionistic,auto,1,false,,300,1,3,,unprovable,,,two-sided,IMELL,29,8,0.096,64,9,16,245,0,0,2048,0.000,0.010,auto,30,
family,counter-over,8,0,counter-over/8,intuitionistic,auto,1,false,,300,2,3,,unprovable,,,two-sided,IMELL,29,8,0.101,64,9,16,245,0,0,2048,0.000,0.010,auto,30,
family,growing,16,0,growing/16,classical,auto,1,false,,300,0,16,unprovable,unknown,copy_bound,,focus,MELL,9,3,0.346,1396,435,61,900,0,0,2048,0.000,0.000,auto,30,
family,growing,16,0,growing/16,classical,auto,1,false,,300,1,16,unprovable,unknown,copy_bound,,focus,MELL,9,3,0.361,1396,435,61,900,0,0,2048,0.000,0.000,auto,30,
family,growing,16,0,growing/16,classical,auto,1,false,,300,2,16,unprovable,unknown,copy_bound,,focus,MELL,9,3,0.379,1396,435,61,900,0,0,2048,0.000,0.000,auto,30,
family,growing,64,0,growing/64,classical,auto,1,false,,300,0,64,unprovable,unknown,copy_bound,,focus,MELL,9,3,1.630,6241,2016,129,4096,0,0,2048,0.000,0.034,auto,30,
family,growing,64,0,growing/64,classical,auto,1,false,,300,1,64,unprovable,unknown,copy_bound,,focus,MELL,9,3,1.545,6241,2016,129,4096,0,0,2048,0.000,0.000,auto,30,
family,growing,64,0,growing/64,classical,auto,1,false,,300,2,64,unprovable,unknown,copy_bound,,focus,MELL,9,3,1.534,6241,2016,129,4096,0,0,2048,0.000,0.000,auto,30,
family,growing,256,0,growing/256,classical,auto,1,false,,300,0,256,unprovable,unknown,copy_bound,,focus,MELL,9,3,42.176,98689,32640,513,65536,0,0,2048,40.000,0.089,auto,30,
family,growing,256,0,growing/256,classical,auto,1,false,,300,1,256,unprovable,unknown,copy_bound,,focus,MELL,9,3,42.537,98689,32640,513,65536,0,0,2048,40.000,0.227,auto,30,
family,growing,256,0,growing/256,classical,auto,1,false,,300,2,256,unprovable,unknown,copy_bound,,focus,MELL,9,3,41.949,98689,32640,513,65536,0,0,2048,40.000,0.030,auto,30,
family,growing,1024,0,growing/1024,classical,auto,1,false,,300,0,1024,unprovable,unknown,recursion_limit,,focus,MELL,9,3,260.256,392961,130305,1023,261633,0,0,2048,260.000,0.208,auto,30,
family,growing,1024,0,growing/1024,classical,auto,1,false,,300,1,1024,unprovable,unknown,recursion_limit,,focus,MELL,9,3,260.407,392961,130305,1023,261633,0,0,2048,250.000,0.223,auto,30,
family,growing,1024,0,growing/1024,classical,auto,1,false,,300,2,1024,unprovable,unknown,recursion_limit,,focus,MELL,9,3,261.044,392961,130305,1023,261633,0,0,2048,260.000,0.163,auto,30,
family,chain,16,0,chain/16,classical,auto,1,false,,300,0,18,provable,proved,,ok,focus,LL,98,2,0.157,253,98,33,1817,0,0,2048,0.000,0.000,auto,30,0.007
family,chain,16,0,chain/16,classical,auto,1,false,,300,1,18,provable,proved,,ok,focus,LL,98,2,0.148,253,98,33,1817,0,0,2048,0.000,0.000,auto,30,0.004
family,chain,16,0,chain/16,classical,auto,1,false,,300,2,18,provable,proved,,ok,focus,LL,98,2,0.157,253,98,33,1817,0,0,2048,0.000,0.000,auto,30,0.004
family,chain,64,0,chain/64,classical,auto,1,false,,300,0,66,provable,proved,,ok,focus,LL,386,2,5.040,4069,1922,129,127073,0,0,2048,0.000,0.003,auto,30,0.011
family,chain,64,0,chain/64,classical,auto,1,false,,300,1,66,provable,proved,,ok,focus,LL,386,2,5.196,4069,1922,129,127073,0,0,2048,0.000,0.038,auto,30,0.011
family,chain,64,0,chain/64,classical,auto,1,false,,300,2,66,provable,proved,,ok,focus,LL,386,2,5.234,4069,1922,129,127073,0,0,2048,0.000,0.003,auto,30,0.011
family,chain,128,0,chain/128,classical,auto,1,false,,300,0,130,provable,proved,,ok,focus,LL,770,2,40.588,16325,7938,257,1032385,0,0,2048,40.000,0.033,auto,30,0.020
family,chain,128,0,chain/128,classical,auto,1,false,,300,1,130,provable,proved,,ok,focus,LL,770,2,40.669,16325,7938,257,1032385,0,0,2048,40.000,0.034,auto,30,0.022
family,chain,128,0,chain/128,classical,auto,1,false,,300,2,130,provable,proved,,ok,focus,LL,770,2,40.441,16325,7938,257,1032385,0,0,2048,40.000,0.030,auto,30,0.021
family,chain,256,0,chain/256,classical,auto,1,false,,300,0,258,provable,proved,,ok,focus,LL,1538,2,326.123,65413,32258,513,8323457,0,0,2048,320.000,0.237,auto,30,0.039
family,chain,256,0,chain/256,classical,auto,1,false,,300,1,258,provable,proved,,ok,focus,LL,1538,2,326.094,65413,32258,513,8323457,0,0,2048,320.000,0.326,auto,30,0.035
family,chain,256,0,chain/256,classical,auto,1,false,,300,2,258,provable,proved,,ok,focus,LL,1538,2,326.848,65413,32258,513,8323457,0,0,2048,320.000,0.188,auto,30,0.038
family,wide-m3,24,0,wide-m3/24,classical,auto,1,false,,300,0,3,provable,proved,,ok,focus,MLL,167,3,0.099,25,0,25,454,0,0,2048,0.000,0.000,auto,30,0.009
family,wide-m3,24,0,wide-m3/24,classical,auto,1,false,,300,1,3,provable,proved,,ok,focus,MLL,167,3,0.085,25,0,25,454,0,0,2048,0.000,0.000,auto,30,0.008
family,wide-m3,24,0,wide-m3/24,classical,auto,1,false,,300,2,3,provable,proved,,ok,focus,MLL,167,3,0.085,25,0,25,454,0,0,2048,0.000,0.000,auto,30,0.008
family,wide-m3,30,0,wide-m3/30,classical,auto,1,false,,300,0,3,provable,proved,,ok,focus,MLL,209,3,0.114,31,0,31,688,0,0,2048,0.000,0.000,auto,30,0.010
family,wide-m3,30,0,wide-m3/30,classical,auto,1,false,,300,1,3,provable,proved,,ok,focus,MLL,209,3,0.111,31,0,31,688,0,0,2048,0.000,0.000,auto,30,0.010
family,wide-m3,30,0,wide-m3/30,classical,auto,1,false,,300,2,3,provable,proved,,ok,focus,MLL,209,3,0.112,31,0,31,688,0,0,2048,0.000,0.000,auto,30,0.010
family,wide-m4,24,0,wide-m4/24,classical,auto,1,false,,300,0,3,provable,proved,,ok,focus,MLL,167,4,0.085,25,0,25,430,0,0,2048,0.000,0.000,auto,30,0.008
family,wide-m4,24,0,wide-m4/24,classical,auto,1,false,,300,1,3,provable,proved,,ok,focus,MLL,167,4,0.082,25,0,25,430,0,0,2048,0.000,0.000,auto,30,0.008
family,wide-m4,24,0,wide-m4/24,classical,auto,1,false,,300,2,3,provable,proved,,ok,focus,MLL,167,4,0.093,25,0,25,430,0,0,2048,0.000,0.000,auto,30,0.009
family,wide-m4,28,0,wide-m4/28,classical,auto,1,false,,300,0,3,provable,proved,,ok,focus,MLL,195,4,0.101,29,0,29,572,0,0,2048,0.000,0.000,auto,30,0.010
family,wide-m4,28,0,wide-m4/28,classical,auto,1,false,,300,1,3,provable,proved,,ok,focus,MLL,195,4,0.111,29,0,29,572,0,0,2048,0.000,0.000,auto,30,0.010
family,wide-m4,28,0,wide-m4/28,classical,auto,1,false,,300,2,3,provable,proved,,ok,focus,MLL,195,4,0.101,29,0,29,572,0,0,2048,0.000,0.000,auto,30,0.009
file,partition-table,,,partition-table/1-1,classical,auto,1,false,,300,0,3,provable,proved,,ok,net,MLL,28,2,0.033,15,0,0,0,20,20,2048,0.000,0.000,auto,30,0.004
file,partition-table,,,partition-table/1-1,classical,auto,1,false,,300,1,3,provable,proved,,ok,net,MLL,28,2,0.033,15,0,0,0,20,20,2048,0.000,0.000,auto,30,0.003
file,partition-table,,,partition-table/1-1,classical,auto,1,false,,300,2,3,provable,proved,,ok,net,MLL,28,2,0.031,15,0,0,0,20,20,2048,0.000,0.000,auto,30,0.003
file,partition-table,,,partition-table/1-3,classical,auto,1,false,,300,0,3,unprovable,unprovable,,,focus,MLL,44,4,0.031,13,4,9,59,0,0,2048,0.000,0.000,auto,30,
file,partition-table,,,partition-table/1-3,classical,auto,1,false,,300,1,3,unprovable,unprovable,,,focus,MLL,44,4,0.028,13,4,9,59,0,0,2048,0.000,0.000,auto,30,
file,partition-table,,,partition-table/1-3,classical,auto,1,false,,300,2,3,unprovable,unprovable,,,focus,MLL,44,4,0.027,13,4,9,59,0,0,2048,0.000,0.000,auto,30,
file,partition-table,,,partition-table/2-1-1,classical,auto,1,false,,300,0,3,provable,proved,,ok,focus,MLL,50,4,0.045,15,2,13,57,0,0,2048,0.000,0.000,auto,30,0.004
file,partition-table,,,partition-table/2-1-1,classical,auto,1,false,,300,1,3,provable,proved,,ok,focus,MLL,50,4,0.047,15,2,13,57,0,0,2048,0.000,0.000,auto,30,0.004
file,partition-table,,,partition-table/2-1-1,classical,auto,1,false,,300,2,3,provable,proved,,ok,focus,MLL,50,4,0.042,15,2,13,57,0,0,2048,0.000,0.000,auto,30,0.004
file,partition-table,,,partition-table/1-1-4,classical,auto,1,false,,300,0,3,unprovable,unprovable,,,focus,MLL,66,6,0.054,55,28,27,233,0,0,2048,0.000,0.000,auto,30,
file,partition-table,,,partition-table/1-1-4,classical,auto,1,false,,300,1,3,unprovable,unprovable,,,focus,MLL,66,6,0.052,55,28,27,233,0,0,2048,0.000,0.000,auto,30,
file,partition-table,,,partition-table/1-1-4,classical,auto,1,false,,300,2,3,unprovable,unprovable,,,focus,MLL,66,6,0.060,55,28,27,233,0,0,2048,0.000,0.000,auto,30,
file,partition-table,,,partition-table/2-2-1-1,classical,auto,1,false,,300,0,3,provable,proved,,ok,focus,MLL,72,6,0.060,28,7,21,124,0,0,2048,0.000,0.000,auto,30,0.005
file,partition-table,,,partition-table/2-2-1-1,classical,auto,1,false,,300,1,3,provable,proved,,ok,focus,MLL,72,6,0.061,28,7,21,124,0,0,2048,0.000,0.000,auto,30,0.005
file,partition-table,,,partition-table/2-2-1-1,classical,auto,1,false,,300,2,3,provable,proved,,ok,focus,MLL,72,6,0.061,28,7,21,124,0,0,2048,0.000,0.000,auto,30,0.005
file,partition-table,,,partition-table/1-2-5,classical,auto,1,false,,300,0,3,unprovable,unprovable,,,focus,MLL,82,8,0.057,55,28,27,251,0,0,2048,0.000,0.000,auto,30,
file,partition-table,,,partition-table/1-2-5,classical,auto,1,false,,300,1,3,unprovable,unprovable,,,focus,MLL,82,8,0.058,55,28,27,251,0,0,2048,0.000,0.000,auto,30,
file,partition-table,,,partition-table/1-2-5,classical,auto,1,false,,300,2,3,unprovable,unprovable,,,focus,MLL,82,8,0.057,55,28,27,251,0,0,2048,0.000,0.000,auto,30,
file,partition-table,,,partition-table/1-1-2-4,classical,auto,1,false,,300,0,3,provable,proved,,ok,focus,MLL,88,8,0.046,11,0,11,39,0,0,2048,0.000,0.000,auto,30,0.006
file,partition-table,,,partition-table/1-1-2-4,classical,auto,1,false,,300,1,3,provable,proved,,ok,focus,MLL,88,8,0.047,11,0,11,39,0,0,2048,0.000,0.000,auto,30,0.006
file,partition-table,,,partition-table/1-1-2-4,classical,auto,1,false,,300,2,3,provable,proved,,ok,focus,MLL,88,8,0.047,11,0,11,39,0,0,2048,0.000,0.000,auto,30,0.006
file,partition-table,,,partition-table/1-1-1-5,classical,auto,1,false,,300,0,3,unprovable,unprovable,,,focus,MLL,88,8,0.125,217,136,81,863,0,0,2048,0.000,0.000,auto,30,
file,partition-table,,,partition-table/1-1-1-5,classical,auto,1,false,,300,1,3,unprovable,unprovable,,,focus,MLL,88,8,0.125,217,136,81,863,0,0,2048,0.000,0.000,auto,30,
file,partition-table,,,partition-table/1-1-1-5,classical,auto,1,false,,300,2,3,unprovable,unprovable,,,focus,MLL,88,8,0.128,217,136,81,863,0,0,2048,0.000,0.000,auto,30,
file,partition-table,,,partition-table/2-3-2-1,classical,auto,1,false,,300,0,3,provable,proved,,ok,focus,MLL,88,8,0.062,28,7,21,132,0,0,2048,0.000,0.000,auto,30,0.006
file,partition-table,,,partition-table/2-3-2-1,classical,auto,1,false,,300,1,3,provable,proved,,ok,focus,MLL,88,8,0.061,28,7,21,132,0,0,2048,0.000,0.000,auto,30,0.006
file,partition-table,,,partition-table/2-3-2-1,classical,auto,1,false,,300,2,3,provable,proved,,ok,focus,MLL,88,8,0.067,28,7,21,132,0,0,2048,0.000,0.000,auto,30,0.006
file,partition-table,,,partition-table/3-3-3-1,classical,auto,1,false,,300,0,3,unprovable,unprovable,,,focus,MLL,104,10,0.151,217,136,81,939,0,0,2048,0.000,0.000,auto,30,
file,partition-table,,,partition-table/3-3-3-1,classical,auto,1,false,,300,1,3,unprovable,unprovable,,,focus,MLL,104,10,0.141,217,136,81,939,0,0,2048,0.000,0.000,auto,30,
file,partition-table,,,partition-table/3-3-3-1,classical,auto,1,false,,300,2,3,unprovable,unprovable,,,focus,MLL,104,10,0.148,217,136,81,939,0,0,2048,0.000,0.000,auto,30,
file,partition-table,,,partition-table/1-2-3-4-5-5,classical,auto,1,false,,300,0,3,provable,proved,,ok,focus,MLL,196,20,0.084,21,2,19,127,0,0,2048,0.000,0.000,auto,30,0.011
file,partition-table,,,partition-table/1-2-3-4-5-5,classical,auto,1,false,,300,1,3,provable,proved,,ok,focus,MLL,196,20,0.082,21,2,19,127,0,0,2048,0.000,0.000,auto,30,0.010
file,partition-table,,,partition-table/1-2-3-4-5-5,classical,auto,1,false,,300,2,3,provable,proved,,ok,focus,MLL,196,20,0.076,21,2,19,127,0,0,2048,0.000,0.000,auto,30,0.010
file,partition-table,,,partition-table/1-1-1-1-1-7,classical,auto,1,false,,300,0,3,unprovable,unprovable,,,focus,MLL,132,12,1.153,2917,2188,729,10691,0,0,2048,0.000,0.000,auto,30,
file,partition-table,,,partition-table/1-1-1-1-1-7,classical,auto,1,false,,300,1,3,unprovable,unprovable,,,focus,MLL,132,12,1.190,2917,2188,729,10691,0,0,2048,0.000,0.018,auto,30,
file,partition-table,,,partition-table/1-1-1-1-1-7,classical,auto,1,false,,300,2,3,unprovable,unprovable,,,focus,MLL,132,12,1.174,2917,2188,729,10691,0,0,2048,0.000,0.000,auto,30,
file,partition-table,,,partition-table/2-2-2-2-2-2-9-1,classical,auto,1,false,,300,0,3,provable,proved,,ok,focus,MLL,224,22,0.114,45,12,33,298,0,0,2048,0.000,0.000,auto,30,0.012
file,partition-table,,,partition-table/2-2-2-2-2-2-9-1,classical,auto,1,false,,300,1,3,provable,proved,,ok,focus,MLL,224,22,0.107,45,12,33,298,0,0,2048,0.000,0.000,auto,30,0.012
file,partition-table,,,partition-table/2-2-2-2-2-2-9-1,classical,auto,1,false,,300,2,3,provable,proved,,ok,focus,MLL,224,22,0.107,45,12,33,298,0,0,2048,0.000,0.000,auto,30,0.012
file,chain-over,,,chain-over/12,intuitionistic,auto,1,false,,300,0,3,unprovable,unknown,copy_bound,,two-sided,ILL,76,2,0.115,96,37,32,414,0,0,2048,0.000,0.003,auto,30,
file,chain-over,,,chain-over/12,intuitionistic,auto,1,false,,300,1,3,unprovable,unknown,copy_bound,,two-sided,ILL,76,2,0.110,96,37,32,414,0,0,2048,0.000,0.002,auto,30,
file,chain-over,,,chain-over/12,intuitionistic,auto,1,false,,300,2,3,unprovable,unknown,copy_bound,,two-sided,ILL,76,2,0.120,96,37,32,414,0,0,2048,0.000,0.002,auto,30,
file,cancellation,,,cancellation/3-partition-4,classical,auto,1,false,,300,0,3,provable,proved,,ok,focus,MALL,123,8,0.312,925,713,212,2794,0,0,2048,0.000,0.000,auto,30,0.001
file,cancellation,,,cancellation/3-partition-4,classical,auto,1,false,,300,1,3,provable,proved,,ok,focus,MALL,123,8,0.302,925,713,212,2794,0,0,2048,0.000,0.000,auto,30,0.001
file,cancellation,,,cancellation/3-partition-4,classical,auto,1,false,,300,2,3,provable,proved,,ok,focus,MALL,123,8,0.296,925,713,212,2794,0,0,2048,0.000,0.000,auto,30,0.001
